:1:views.decorators.cache.cache_header..2edd1040f98af77d5de32b582b305b6d.en-us.Asia/Calcutta,gASVEgAAAAAAAABdlIwLSFRUUF9BQ0NFUFSUYS4=,2021-01-31 14:45:32.000000
:1:views.decorators.cache.cache_header..f8c614ccdc0fdf6d1142ce2b0b025a19.en-us.Asia/Calcutta,gASVEgAAAAAAAABdlIwLSFRUUF9BQ0NFUFSUYS4=,2021-01-31 15:36:06.000000
:1:views.decorators.cache.cache_page..GET.3b898f3362f538ff037209e44dc1318e.d41d8cd98f00b204e9800998ecf8427e.en-us.Asia/Calcutta,gAWVegMAAAAAAACMFGRqYW5nby5odHRwLnJlc3BvbnNllIwMSHR0cFJlc3BvbnNllJOUKYGUfZQojAhfaGVhZGVyc5R9lCiMDGNvbnRlbnQtdHlwZZSMDENvbnRlbnQtVHlwZZSMGHRleHQvaHRtbDsgY2hhcnNldD11dGYtOJSGlIwOY29udGVudC1sZW5ndGiUjA5Db250ZW50LUxlbmd0aJSMAzQ3OJSGlIwHZXhwaXJlc5SMB0V4cGlyZXOUjB1TdW4sIDMxIEphbiAyMDIxIDE1OjU0OjQ1IEdNVJSGlIwNY2FjaGUtY29udHJvbJSMDUNhY2hlLUNvbnRyb2yUjAltYXgtYWdlPTWUhpR1jBFfcmVzb3VyY2VfY2xvc2Vyc5RdlIwOX2hhbmRsZXJfY2xhc3OUTowHY29va2llc5SMDGh0dHAuY29va2llc5SMDFNpbXBsZUNvb2tpZZSTlCmBlIwGY2xvc2VklImMDl9yZWFzb25fcGhyYXNllE6MCF9jaGFyc2V0lE6MCl9jb250YWluZXKUXZRC3gEAADwhRE9DVFlQRSBodG1sPgo8aHRtbCBsYW5nPSJlbiI+Cgo8aGVhZD4KICAgIDxtZXRhIGNoYXJzZXQ9IlVURi04Ij4KICAgIDx0aXRsZT5RUl9jb2RlPC90aXRsZT4KPC9oZWFkPgo8Ym9keT4KPGZvcm0gYWxpZ249ImNlbnRlciIgYWN0aW9uPSIiIG1ldGhvZD0iUE9TVCI+CiAgICA8aW5wdXQgdHlwZT0iaGlkZGVuIiBuYW1lPSJjc3JmbWlkZGxld2FyZXRva2VuIiB2YWx1ZT0iQUZVazAyM0ZkTE5vUVp6YVdadUxBb2JMNUs5U05XUUR4NWNtalIwOVFSRmpKV2NlV2ZLMGNaYlRaam1GU052ZiI+CiAgICA8aDM+VVJMIHRvIEJhcmNvZGUgQ2hhbmdlcjwvaDM+CiAgICA8cD4KICAgICAgICBFbnRlciB5b3VyIFVybCA6IDxpbnB1dCB0eXBlPSJ0ZXh0IiBuYW1lPSJ1cmwiLz4KICAgIDwvcD4KICAgIDxwPgogICAgICAgIDxpbnB1dCB0eXBlPSJzdWJtaXQiIHZhbHVlPSJzdWJtaXQiLz4KICAgIDwvcD4KPC9mb3JtPgo8L2JvZHk+CjwvaHRtbD6UYXViLg==,2021-01-31 15:54:45.000000
:1:views.decorators.cache.cache_header..156f5d14ef23f8f1491f1c5ad65dd2fb.en-us.Asia/Calcutta,gASVEgAAAAAAAABdlIwLSFRUUF9BQ0NFUFSUYS4=,2021-02-03 05:38:08.000000
:1:views.decorators.cache.cache_header..7b6578f36c45234128dedd31686cb578.en-us.Asia/Calcutta,gARdlC4=,2021-01-31 02:55:01.000000
:1:views.decorators.cache.cache_page..GET.7b6578f36c45234128dedd31686cb578.d41d8cd98f00b204e9800998ecf8427e.en-us.Asia/Calcutta,gASVAgMAAAAAAACMFGRqYW5nby5odHRwLnJlc3BvbnNllIwMSHR0cFJlc3BvbnNllJOUKYGUfZQojAhfaGVhZGVyc5R9lCiMDGNvbnRlbnQtdHlwZZSMDENvbnRlbnQtVHlwZZSMGHRleHQvaHRtbDsgY2hhcnNldD11dGYtOJSGlIwOY29udGVudC1sZW5ndGiUjA5Db250ZW50LUxlbmd0aJSMAzM1OJSGlIwHZXhwaXJlc5SMB0V4cGlyZXOUjB1TdW4sIDMxIEphbiAyMDIxIDAyOjU1OjAxIEdNVJSGlIwNY2FjaGUtY29udHJvbJSMDUNhY2hlLUNvbnRyb2yUjAltYXgtYWdlPTWUhpR1jBFfcmVzb3VyY2VfY2xvc2Vyc5RdlIwOX2hhbmRsZXJfY2xhc3OUTowHY29va2llc5SMDGh0dHAuY29va2llc5SMDFNpbXBsZUNvb2tpZZSTlCmBlIwGY2xvc2VklImMDl9yZWFzb25fcGhyYXNllE6MCF9jaGFyc2V0lE6MCl9jb250YWluZXKUXZRCZgEAADwhRE9DVFlQRSBodG1sPgo8aHRtbCBsYW5nPSJlbiI+Cgo8aGVhZD4KICAgIDxtZXRhIGNoYXJzZXQ9IlVURi04Ij4KICAgIDx0aXRsZT5saW5rcy5seTwvdGl0bGU+CjwvaGVhZD4KPGJvZHk+Cjxmb3JtIGFsaWduPSJjZW50ZXIiIGFjdGlvbiA9ICJodHRwOi8vbG9jYWxob3N0OjUwMDAvcXJjb2RlcyIgbWV0aG9kID0gIlBPU1QiPgo8aDM+VVJMIHRvIEJhcmNvZGUgQ2hhbmdlcjwvaDM+CjxwPkVudGVyIHlvdXIgVXJsIDogPGlucHV0IHR5cGUgPSAidGV4dCIgbmFtZSA9ICJ1cmwiIC8+IDwvcD4KPHA+PGlucHV0IHR5cGUgPSAic3VibWl0IiB2YWx1ZSA9ICJzdWJtaXQiIC8+PC9wPgo8L2Zvcm0+CjwvYm9keT4KPC9odG1sPgqUYXViLg==,2021-01-31 02:55:01.000000
:1:views.decorators.cache.cache_header..e052ddbf5acb01bfced215df39b83a3b.en-us.Asia/Calcutta,gAWVEgAAAAAAAABdlIwLSFRUUF9BQ0NFUFSUYS4=,2021-02-06 10:25:45.000000
:1:views.decorators.cache.cache_page..GET.e052ddbf5acb01bfced215df39b83a3b.65330eb47d0175f264fdb29633829c0b.en-us.Asia/Calcutta,gAWVTjAAAAAAAACMFGRqYW5nby5odHRwLnJlc3BvbnNllIwMSnNvblJlc3BvbnNllJOUKYGUfZQojAhfaGVhZGVyc5R9lCiMDGNvbnRlbnQtdHlwZZSMDENvbnRlbnQtVHlwZZSMEGFwcGxpY2F0aW9uL2pzb26UhpSMBHZhcnmUjARWYXJ5lIwGQWNjZXB0lIaUjAVhbGxvd5SMBUFsbG93lIwMR0VULCBPUFRJT05TlIaUjA5jb250ZW50LWxlbmd0aJSMDkNvbnRlbnQtTGVuZ3RolIwFMTE5MDKUhpSMB2V4cGlyZXOUjAdFeHBpcmVzlIwdU2F0LCAwNiBGZWIgMjAyMSAxMDoyNTo0NSBHTVSUhpSMDWNhY2hlLWNvbnRyb2yUjA1DYWNoZS1Db250cm9slIwJbWF4LWFnZT01lIaUdYwRX3Jlc291cmNlX2Nsb3NlcnOUXZSMDl9oYW5kbGVyX2NsYXNzlE6MB2Nvb2tpZXOUjAxodHRwLmNvb2tpZXOUjAxTaW1wbGVDb29raWWUk5QpgZSMBmNsb3NlZJSJjA5fcmVhc29uX3BocmFzZZROjAhfY2hhcnNldJROjApfY29udGFpbmVylF2UQn4uAABbeyJxcl9pZCI6ICJidHJzMWY1NmI4MDg1NDM1NmI2Y2U5NTA2M2E4YjhiYmEzMjY3aXV5ODkiLCAicXJfdGltZWxvZyI6ICIyMDIxLTAxLTI3VDEwOjA2OjExKzA1OjMwIiwgInFyX3N0YXR1cyI6IHRydWV9LCB7InFyX2lkIjogImJ0cnMxNjAzYWM2ODQ3YjNjMmU1YmRhYjJiMzM4ZDEwZjJmMTJpdXk4OSIsICJxcl90aW1lbG9nIjogIjIwMjEtMDEtMjdUMTA6MDY6MTErMDU6MzAiLCAicXJfc3RhdHVzIjogdHJ1ZX0sIHsicXJfaWQiOiAiYnRyczFmNTM3OWYzZTgyODI1MjE4YTU2ZTZlNGFkNDhhMThiY2l1eTg5IiwgInFyX3RpbWVsb2ciOiAiMjAyMS0wMS0yN1QxMDowNjoxMSswNTozMCIsICJxcl9zdGF0dXMiOiB0cnVlfSwgeyJxcl9pZCI6ICJidHJzMTE0ZWIyODc1ZjliMThhNDc5YmZkOGNhMGE2YmI2YTAwaXV5ODkiLCAicXJfdGltZWxvZyI6ICIyMDIxLTAxLTI3VDEwOjA2OjExKzA1OjMwIiwgInFyX3N0YXR1cyI6IHRydWV9LCB7InFyX2lkIjogImJ0cnMxMzBkNWIzMTNlZDJmMzg1MDMwNGIxNzAzZDIxM2UxYWFpdXk4OSIsICJxcl90aW1lbG9nIjogIjIwMjEtMDEtMjdUMTA6MDY6MTErMDU6MzAiLCAicXJfc3RhdHVzIjogdHJ1ZX0sIHsicXJfaWQiOiAiYnRyczEzZWUxYjM0ZGE3MGM1YjgyY2YxNDA5ZGY1NTFkOWI2OWl1eTg5IiwgInFyX3RpbWVsb2ciOiAiMjAyMS0wMS0yN1QxMDowNjoxMSswNTozMCIsICJxcl9zdGF0dXMiOiB0cnVlfSwgeyJxcl9pZCI6ICJidHJzMWIyMDYwNmYzNTMxZDVhYmVhMWIyZDhmMGEzYjFkZjgwaXV5ODkiLCAicXJfdGltZWxvZyI6ICIyMDIxLTAxLTI3VDEwOjA2OjExKzA1OjMwIiwgInFyX3N0YXR1cyI6IHRydWV9LCB7InFyX2lkIjogImJ0cnMxZDU0OTZhNWJlOThlMTliZTliMGMyNjJjYmFkMTg1MmNpdXk4OSIsICJxcl90aW1lbG9nIjogIjIwMjEtMDEtMjdUMTA6MDY6MTErMDU6MzAiLCAicXJfc3RhdHVzIjogdHJ1ZX0sIHsicXJfaWQiOiAiYnRyczFkZjE1MTUwYTQ4MjZkY2NjZTYyNDUxMGZhMmMyNDUzMWl1eTg5IiwgInFyX3RpbWVsb2ciOiAiMjAyMS0wMS0yN1QxMDowNjoxMSswNTozMCIsICJxcl9zdGF0dXMiOiB0cnVlfSwgeyJxcl9pZCI6ICJidHJzMThjOGU4MzkwYTVmNGNlZTQ4OWYxYmViMWIxZWJkMDEyaXV5ODkiLCAicXJfdGltZWxvZyI6ICIyMDIxLTAxLTI3VDEwOjA2OjExKzA1OjMwIiwgInFyX3N0YXR1cyI6IHRydWV9LCB7InFyX2lkIjogImJ0cnMxY2YwNDk5MjIwMzZkYzIxYmNmODBkOTU2Yzk4MmRjODdpdXk4OSIsICJxcl90aW1lbG9nIjogIjIwMjEtMDEtMjdUMTA6MDY6MTErMDU6MzAiLCAicXJfc3RhdHVzIjogdHJ1ZX0sIHsicXJfaWQiOiAiYnRyczE2ZGQ5ZmFjZGU3M2Y2NzEzNTRjY2QwYTA0Yzk4OWE2Zml1eTg5IiwgInFyX3RpbWVsb2ciOiAiMjAyMS0wMS0yN1QxMDowNjoxMSswNTozMCIsICJxcl9zdGF0dXMiOiB0cnVlfSwgeyJxcl9pZCI6ICJidHJzMWFlZDJiMTViNTYyNTg4ODI5NTZkNjk2MTk2NjlhYTliaXV5ODkiLCAicXJfdGltZWxvZyI6ICIyMDIxLTAxLTI3VDEwOjA2OjExKzA1OjMwIiwgInFyX3N0YXR1cyI6IHRydWV9LCB7InFyX2lkIjogImJ0cnMxMTBkMzc1NzdlYjMxYjcxZTY1NGU5MTJjZGRjYTA2ZmRpdXk4OSIsICJxcl90aW1lbG9nIjogIjIwMjEtMDEtMjdUMTA6MDY6MTErMDU6MzAiLCAicXJfc3RhdHVzIjogdHJ1ZX0sIHsicXJfaWQiOiAiYnRyczEyNDRjYWFmYmEwYjJhZDdiMTA2ZDA1OTljOTBjNjA4ZWl1eTg5IiwgInFyX3RpbWVsb2ciOiAiMjAyMS0wMS0yN1QxMDowNjoxMSswNTozMCIsICJxcl9zdGF0dXMiOiB0cnVlfSwgeyJxcl9pZCI6ICJidHJzMTc4ZTFlZjYyNDJlNmQwYTM1MDZmZGFlMDRhZjZmNDZjaXV5ODkiLCAicXJfdGltZWxvZyI6ICIyMDIxLTAxLTI3VDEwOjA2OjExKzA1OjMwIiwgInFyX3N0YXR1cyI6IHRydWV9LCB7InFyX2lkIjogImJ0cnMxNmMzZThjNjIxNzYyNmE5MDY0ZWQ1YWE3OTkzZWFjOWVpdXk4OSIsICJxcl90aW1lbG9nIjogIjIwMjEtMDEtMjdUMTA6MDY6MTErMDU6MzAiLCAicXJfc3RhdHVzIjogdHJ1ZX0sIHsicXJfaWQiOiAiYnRyczE2MTczZGJhNGNkMzM0MGM4Y2U5YjUwNGZhOWU0Nzk5M2l1eTg5IiwgInFyX3RpbWVsb2ciOiAiMjAyMS0wMS0yN1QxMDowNjoxMSswNTozMCIsICJxcl9zdGF0dXMiOiB0cnVlfSwgeyJxcl9pZCI6ICJidHJzMTU5ZjZmZTIzYmFiZjI0NGUxOThjZjBiZWQ2MGNmZjBhaXV5ODkiLCAicXJfdGltZWxvZyI6ICIyMDIxLTAxLTI3VDEwOjA2OjExKzA1OjMwIiwgInFyX3N0YXR1cyI6IHRydWV9LCB7InFyX2lkIjogImJ0cnMxYWFmMGZkZWE3ZTYxMWVmN2QyN2E1Yzk4N2RiMDQ3OWFpdXk4OSIsICJxcl90aW1lbG9nIjogIjIwMjEtMDEtMjdUMTA6MDY6MTErMDU6MzAiLCAicXJfc3RhdHVzIjogdHJ1ZX0sIHsicXJfaWQiOiAiYnRyczE3ZTI5OWE5ZDY3ODc2ZWNiODk1MjA0NTRlMGU1NzIzMGl1eTg5IiwgInFyX3RpbWVsb2ciOiAiMjAyMS0wMS0yN1QxMDowNjoxMSswNTozMCIsICJxcl9zdGF0dXMiOiB0cnVlfSwgeyJxcl9pZCI6ICJidHJzMTYzMzBiODVlY2I5NzQ5MDU4YjdmYzRhNDU5YjZkMDc2aXV5ODkiLCAicXJfdGltZWxvZyI6ICIyMDIxLTAxLTI3VDEwOjA2OjExKzA1OjMwIiwgInFyX3N0YXR1cyI6IHRydWV9LCB7InFyX2lkIjogImJ0cnMxZGU5N2Q5MGM3ZDQxZjkyY2E3MWVjMzVmNmMzOGM0NDFpdXk4OSIsICJxcl90aW1lbG9nIjogIjIwMjEtMDEtMjdUMTA6MDY6MTErMDU6MzAiLCAicXJfc3RhdHVzIjogdHJ1ZX0sIHsicXJfaWQiOiAiYnRyczE2ODRjMDg3ZTMxNzc1ODAyNjFiNzJmZGE1YmExNWViZml1eTg5IiwgInFyX3RpbWVsb2ciOiAiMjAyMS0wMS0yN1QxMDowNjoxMSswNTozMCIsICJxcl9zdGF0dXMiOiB0cnVlfSwgeyJxcl9pZCI6ICJidHJzMTZiNThlZGY2M2FmMDkwOWJhNmYzY2IzMmM4ZjAyN2Y5aXV5ODkiLCAicXJfdGltZWxvZyI6ICIyMDIxLTAxLTI3VDEwOjA2OjExKzA1OjMwIiwgInFyX3N0YXR1cyI6IHRydWV9LCB7InFyX2lkIjogImJ0cnMxMjcwM2Q2YThiZWFiYzVkZjg4ZDNjOTM5OGYxMWFmOTZpdXk4OSIsICJxcl90aW1lbG9nIjogIjIwMjEtMDEtMjdUMTA6MDY6MTErMDU6MzAiLCAicXJfc3RhdHVzIjogdHJ1ZX0sIHsicXJfaWQiOiAiYnRyczFhNDExN2M0ZWRmNGYyODExNjNiMmU0NTM0NjhjYjY2YWl1eTg5IiwgInFyX3RpbWVsb2ciOiAiMjAyMS0wMS0yN1QxMDowNjoxMSswNTozMCIsICJxcl9zdGF0dXMiOiB0cnVlfSwgeyJxcl9pZCI6ICJidHJzMWI2M2Q3YjMyMWViNTFkMWM1NTExZTE4MWM1OTk3MmMzaXV5ODkiLCAicXJfdGltZWxvZyI6ICIyMDIxLTAxLTI3VDEwOjA2OjExKzA1OjMwIiwgInFyX3N0YXR1cyI6IHRydWV9LCB7InFyX2lkIjogImJ0cnMxYzhhZmYxNjA2NTU4NDhhYjg0NmFlMmEwMmMzYzNiMjlpdXk4OSIsICJxcl90aW1lbG9nIjogIjIwMjEtMDEtMjdUMTA6MDY6MTErMDU6MzAiLCAicXJfc3RhdHVzIjogdHJ1ZX0sIHsicXJfaWQiOiAiYnRyczEwZWYxMzIzYjQ4ZTQxNTY3Zjc3OTRkMmI2ZGQ2ZDBkZWl1eTg5IiwgInFyX3RpbWVsb2ciOiAiMjAyMS0wMS0yN1QxMDowNjoxMSswNTozMCIsICJxcl9zdGF0dXMiOiB0cnVlfSwgeyJxcl9pZCI6ICJidHJzMWVkMmI1OTNmNDEwYjJjNWIxMzYyNjUxYzA3M2E0YWRkaXV5ODkiLCAicXJfdGltZWxvZyI6ICIyMDIxLTAxLTI3VDEwOjA2OjExKzA1OjMwIiwgInFyX3N0YXR1cyI6IHRydWV9LCB7InFyX2lkIjogImJ0cnMxMDg2ZjcwNTdlYWIyNzg2OTM3OGU1ZWJjZDIzMGI3ZGJpdXk4OSIsICJxcl90aW1lbG9nIjogIjIwMjEtMDEtMjdUMTA6MDY6MTErMDU6MzAiLCAicXJfc3RhdHVzIjogdHJ1ZX0sIHsicXJfaWQiOiAiYnRyczFlNmM0M2FkZjM0M2ZkNjhmNTVmOWRkYmEyOWY1OWM1Nml1eTg5IiwgInFyX3RpbWVsb2ciOiAiMjAyMS0wMS0yN1QxMDowNjoxMSswNTozMCIsICJxcl9zdGF0dXMiOiB0cnVlfSwgeyJxcl9pZCI6ICJidHJzMTA3Y2M2NWI3YWMwNWJhOTk5NjdmZTg2Y2M4NTg1ZmZmaXV5ODkiLCAicXJfdGltZWxvZyI6ICIyMDIxLTAxLTI3VDEwOjA2OjExKzA1OjMwIiwgInFyX3N0YXR1cyI6IHRydWV9LCB7InFyX2lkIjogImJ0cnMxNWUwNzgyODJmYzdmN2ZiMjEwMjlkN2I4YTY2YzE4Y2FpdXk4OSIsICJxcl90aW1lbG9nIjogIjIwMjEtMDEtMjdUMTA6MDY6MTErMDU6MzAiLCAicXJfc3RhdHVzIjogdHJ1ZX0sIHsicXJfaWQiOiAiYnRyczEyNmI0ZWVlZmQ5ODcxOTY1YzM3MjZiNmY5NWNjOWJiYml1eTg5IiwgInFyX3RpbWVsb2ciOiAiMjAyMS0wMS0yN1QxMDowNjoxMSswNTozMCIsICJxcl9zdGF0dXMiOiB0cnVlfSwgeyJxcl9pZCI6ICJidHJzMTYxMjQwN2RlNmZiMWFiNWUyNzdkMmQ5YWUyYmNhMjFiaXV5ODkiLCAicXJfdGltZWxvZyI6ICIyMDIxLTAxLTI3VDEwOjA2OjExKzA1OjMwIiwgInFyX3N0YXR1cyI6IHRydWV9LCB7InFyX2lkIjogImJ0cnMxZjU1MDk0YmQzMTUwN2M0N2QxNjllOTM3NDg2ODYyOGFpdXk4OSIsICJxcl90aW1lbG9nIjogIjIwMjEtMDEtMjdUMTA6MDY6MTErMDU6MzAiLCAicXJfc3RhdHVzIjogdHJ1ZX0sIHsicXJfaWQiOiAiYnRyczFlMDU2MjEyZTFiMjk2YTBmY2U3ODAxZGUxZmE1NzMxMml1eTg5IiwgInFyX3RpbWVsb2ciOiAiMjAyMS0wMS0yN1QxMDowNjoxMSswNTozMCIsICJxcl9zdGF0dXMiOiB0cnVlfSwgeyJxcl9pZCI6ICJidHJzMWRjYjY0OWMyM2I3MGJmNWEwMTk3ODRhZWRmYzJiYmUzaXV5ODkiLCAicXJfdGltZWxvZyI6ICIyMDIxLTAxLTI3VDEwOjA2OjExKzA1OjMwIiwgInFyX3N0YXR1cyI6IHRydWV9LCB7InFyX2lkIjogImJ0cnMxYWEzNzA1NzliYjdjZmM2OTVlNWZiYWI1ZmM4NGRhM2VpdXk4OSIsICJxcl90aW1lbG9nIjogIjIwMjEtMDEtMjdUMTA6MDY6MTErMDU6MzAiLCAicXJfc3RhdHVzIjogdHJ1ZX0sIHsicXJfaWQiOiAiYnRyczExNzdkNmFkZjdlYjkzMTFlN2Q0NWFmN2EwZGIwY2JiMGl1eTg5IiwgInFyX3RpbWVsb2ciOiAiMjAyMS0wMS0yN1QxMDowNjoxMSswNTozMCIsICJxcl9zdGF0dXMiOiB0cnVlfSwgeyJxcl9pZCI6ICJidHJzMTczYjQyOWJjM2E1NTIyOTJiNjI3Y2E2N2EwYmVmZGZmaXV5ODkiLCAicXJfdGltZWxvZyI6ICIyMDIxLTAxLTI3VDEwOjA2OjExKzA1OjMwIiwgInFyX3N0YXR1cyI6IHRydWV9LCB7InFyX2lkIjogImJ0cnMxYTU5Y2EwYzQ2NTUzOWU2OTljZjg4NzdmYzhhMWJlNWVpdXk4OSIsICJxcl90aW1lbG9nIjogIjIwMjEtMDEtMjdUMTA6MDY6MTErMDU6MzAiLCAicXJfc3RhdHVzIjogdHJ1ZX0sIHsicXJfaWQiOiAiYnRyczE5MmRlYmE3ZDM4MDRiNmUyYjBmNzAwMDY1MzJiYTY2NWl1eTg5IiwgInFyX3RpbWVsb2ciOiAiMjAyMS0wMS0yN1QxMDowNjoxMSswNTozMCIsICJxcl9zdGF0dXMiOiB0cnVlfSwgeyJxcl9pZCI6ICJidHJzMThlYjZmM2E4YmQ0MDVmNGIyNTg2YzNkOGMyNDFlYWM3aXV5ODkiLCAicXJfdGltZWxvZyI6ICIyMDIxLTAxLTI3VDEwOjA2OjExKzA1OjMwIiwgInFyX3N0YXR1cyI6IHRydWV9LCB7InFyX2lkIjogImJ0cnMxNmJhOTBmYzdhMzEzNDY5ZTNhOThiMDY3MzMyYTE0ZTlpdXk4OSIsICJxcl90aW1lbG9nIjogIjIwMjEtMDEtMjdUMTA6MDY6MTErMDU6MzAiLCAicXJfc3RhdHVzIjogdHJ1ZX0sIHsicXJfaWQiOiAiYnRyczFkMWI3NWQyZmVkZmRkMjhmNjYzOTc3YzA1OTU5ZWNhMWl1eTg5IiwgInFyX3RpbWVsb2ciOiAiMjAyMS0wMS0yN1QxMDowNjoxMSswNTozMCIsICJxcl9zdGF0dXMiOiB0cnVlfSwgeyJxcl9pZCI6ICJidHJzMTUxNWU3ZDFmZDcxZmZmNmQ1ZjFlMzA2ZmRkYjM0ZWRjaXV5ODkiLCAicXJfdGltZWxvZyI6ICIyMDIxLTAxLTI3VDEwOjA2OjExKzA1OjMwIiwgInFyX3N0YXR1cyI6IHRydWV9LCB7InFyX2lkIjogImJ0cnMxOWI0MGJkY2ViZWMzOTM0YzAyNTBmOTU3OWVmZGJkMjRpdXk4OSIsICJxcl90aW1lbG9nIjogIjIwMjEtMDEtMjdUMTA6MDY6MTErMDU6MzAiLCAicXJfc3RhdHVzIjogdHJ1ZX0sIHsicXJfaWQiOiAiYnRyczE1ZmU4MGUyMjE0MjA3N2IzMmNlZmQ3NDQxNzY5MjZiOWl1eTg5IiwgInFyX3RpbWVsb2ciOiAiMjAyMS0wMS0yN1QxMDowNjoxMSswNTozMCIsICJxcl9zdGF0dXMiOiB0cnVlfSwgeyJxcl9pZCI6ICJidHJzMTQ3YjU5OGQ3YmRiM2Y0MjU3NGNiNjRmMTkyNTgwNzRiaXV5ODkiLCAicXJfdGltZWxvZyI6ICIyMDIxLTAxLTI3VDEwOjA2OjExKzA1OjMwIiwgInFyX3N0YXR1cyI6IHRydWV9LCB7InFyX2lkIjogImJ0cnMxMmU2NDA4ZTVlNWYxMDU0NTU1YmRjZDY3NjExM2ZlZjlpdXk4OSIsICJxcl90aW1lbG9nIjogIjIwMjEtMDEtMjdUMTA6MDY6MTErMDU6MzAiLCAicXJfc3RhdHVzIjogdHJ1ZX0sIHsicXJfaWQiOiAiYnRyczE1YTE3Njk1ZmNkMzdjOTAwODFmMDk0MmViNTUyNzc3Yml1eTg5IiwgInFyX3RpbWVsb2ciOiAiMjAyMS0wMS0yN1QxMDowNjoxMSswNTozMCIsICJxcl9zdGF0dXMiOiB0cnVlfSwgeyJxcl9pZCI6ICJidHJzMWU5ODA1MzY2NjU4Y2QxN2Q3NWFjMDRhNmQ1YWY3YWViaXV5ODkiLCAicXJfdGltZWxvZyI6ICIyMDIxLTAxLTI3VDEwOjA2OjExKzA1OjMwIiwgInFyX3N0YXR1cyI6IHRydWV9LCB7InFyX2lkIjogImJ0cnMxMmRjOGU0ZDc0MDBiNDRhNDA4YTU2NjQ5MjI0ZTgxYWRpdXk4OSIsICJxcl90aW1lbG9nIjogIjIwMjEtMDEtMjdUMTA6MDY6MTErMDU6MzAiLCAicXJfc3RhdHVzIjogdHJ1ZX0sIHsicXJfaWQiOiAiYnRyczFhMDM0YjI0OTYyNjI5ZDM5YzY0MWVkNWIxYWIyOWFjYml1eTg5IiwgInFyX3RpbWVsb2ciOiAiMjAyMS0wMS0yN1QxMDowNjoxMSswNTozMCIsICJxcl9zdGF0dXMiOiB0cnVlfSwgeyJxcl9pZCI6ICJidHJzMWI1ZGYzOGYxNjEzNmNlNGRkOGIxMGE0ZDc4ODQ2YTNhaXV5ODkiLCAicXJfdGltZWxvZyI6ICIyMDIxLTAxLTI3VDEwOjA2OjExKzA1OjMwIiwgInFyX3N0YXR1cyI6IHRydWV9LCB7InFyX2lkIjogImJ0cnMxNWJmMDlhODNkZGY1NDljMWJiNGM1OWNlYjZiODQ3OWRpdXk4OSIsICJxcl90aW1lbG9nIjogIjIwMjEtMDEtMjdUMTA6MDY6MTErMDU6MzAiLCAicXJfc3RhdHVzIjogdHJ1ZX0sIHsicXJfaWQiOiAiYnRyczE0ODU4YWJkZDYyYTBiYWFkNjZiODMwOWQzZmJhN2IzYWl1eTg5IiwgInFyX3RpbWVsb2ciOiAiMjAyMS0wMS0yN1QxMDowNjoxMSswNTozMCIsICJxcl9zdGF0dXMiOiB0cnVlfSwgeyJxcl9pZCI6ICJidHJzMTBmY2MyMjk5NWIwNzY2MTYxYTVlM2EzZjdhNjQ0NjM3aXV5ODkiLCAicXJfdGltZWxvZyI6ICIyMDIxLTAxLTI3VDEwOjA2OjExKzA1OjMwIiwgInFyX3N0YXR1cyI6IHRydWV9LCB7InFyX2lkIjogImJ0cnMxNGU0OWQzZmRhNDc4ODM0Yzg3YTZmOGM1ZGVlY2Y0YzlpdXk4OSIsICJxcl90aW1lbG9nIjogIjIwMjEtMDEtMjdUMTA6MDY6MTErMDU6MzAiLCAicXJfc3RhdHVzIjogdHJ1ZX0sIHsicXJfaWQiOiAiYnRyczE5NmJlNjFjODIwMTE2NWFjNmNhOTE2NjliNDRjMmQ1ZWl1eTg5IiwgInFyX3RpbWVsb2ciOiAiMjAyMS0wMS0yN1QxMDowNjoxMSswNTozMCIsICJxcl9zdGF0dXMiOiB0cnVlfSwgeyJxcl9pZCI6ICJidHJzMTVkZWU4Mzc2OGQwOTQ2MzkzYzc0Njk5NDhiZGU1MTBkaXV5ODkiLCAicXJfdGltZWxvZyI6ICIyMDIxLTAxLTI3VDEwOjA2OjExKzA1OjMwIiwgInFyX3N0YXR1cyI6IHRydWV9LCB7InFyX2lkIjogImJ0cnMxZTBiNTU4MjRkOWVmODI2YmM5Y2FlZDY3NDZmMjdkYzJpdXk4OSIsICJxcl90aW1lbG9nIjogIjIwMjEtMDEtMjdUMTA6MDY6MTErMDU6MzAiLCAicXJfc3RhdHVzIjogdHJ1ZX0sIHsicXJfaWQiOiAiYnRyczE3YzQ4ZTMwZjU5MTVmMzk2MzZjYWM2NDg2NDgxM2U2Nml1eTg5IiwgInFyX3RpbWVsb2ciOiAiMjAyMS0wMS0yN1QxMDowNjoxMSswNTozMCIsICJxcl9zdGF0dXMiOiB0cnVlfSwgeyJxcl9pZCI6ICJidHJzMTJmZmE3NDUzMDk1OTFiMjIzZDIxYjhjYTc3NjZkMzRlaXV5ODkiLCAicXJfdGltZWxvZyI6ICIyMDIxLTAxLTI3VDEwOjA2OjExKzA1OjMwIiwgInFyX3N0YXR1cyI6IHRydWV9LCB7InFyX2lkIjogImJ0cnMxNjNlMzNhNjczNWQzOTNkNWM3NjA3OThmNzFlZjkwMTdpdXk4OSIsICJxcl90aW1lbG9nIjogIjIwMjEtMDEtMjdUMTA6MDY6MTErMDU6MzAiLCAicXJfc3RhdHVzIjogdHJ1ZX0sIHsicXJfaWQiOiAiYnRyczE0NmZjZjI2NGU0MDg5MDQ1MjE5ZTY2M2NlNjhjZTNkNGl1eTg5IiwgInFyX3RpbWVsb2ciOiAiMjAyMS0wMS0yN1QxMDowNjoxMSswNTozMCIsICJxcl9zdGF0dXMiOiB0cnVlfSwgeyJxcl9pZCI6ICJidHJzMWU5NTBmZDBlZjNmOTNlMTAwMzNiZjE2NDUwOWJjZDdjaXV5ODkiLCAicXJfdGltZWxvZyI6ICIyMDIxLTAxLTI3VDEwOjA2OjExKzA1OjMwIiwgInFyX3N0YXR1cyI6IHRydWV9LCB7InFyX2lkIjogImJ0cnMxNGMyMjQxZTAyYWEwNDQ1MzMwNzdlYThkZGU5OWRmOTJpdXk4OSIsICJxcl90aW1lbG9nIjogIjIwMjEtMDEtMjdUMTA6MDY6MTErMDU6MzAiLCAicXJfc3RhdHVzIjogdHJ1ZX0sIHsicXJfaWQiOiAiYnRyczE4YTU1YjZhNmYyYjgzNTA2N2I5NWU3YWQyZTYzZmZiYWl1eTg5IiwgInFyX3RpbWVsb2ciOiAiMjAyMS0wMS0yN1QxMDowNjoxMSswNTozMCIsICJxcl9zdGF0dXMiOiB0cnVlfSwgeyJxcl9pZCI6ICJidHJzMTZlY2E4NGFlOTlhYWI0NmE3NGE2ZTFhY2U5ODNjOWI1aXV5ODkiLCAicXJfdGltZWxvZyI6ICIyMDIxLTAxLTI3VDEwOjA2OjExKzA1OjMwIiwgInFyX3N0YXR1cyI6IHRydWV9LCB7InFyX2lkIjogImJ0cnMxNDc1YjZjZmUyYjAxODZlZWU1ZmRjOTY1Y2Y5MDE4MDNpdXk4OSIsICJxcl90aW1lbG9nIjogIjIwMjEtMDEtMjdUMTA6MDY6MTErMDU6MzAiLCAicXJfc3RhdHVzIjogdHJ1ZX0sIHsicXJfaWQiOiAiYnRyczE4YmFlODdkODc3NjAzY2ZhYWRmODg5ZTE1ZDk3MzcxMGl1eTg5IiwgInFyX3RpbWVsb2ciOiAiMjAyMS0wMS0yN1QxMDowNjoxMSswNTozMCIsICJxcl9zdGF0dXMiOiB0cnVlfSwgeyJxcl9pZCI6ICJidHJzMTQwNWVlMmIyOTUyZmFjMjU5MTg4YzU3MGI2MGU5NzRkaXV5ODkiLCAicXJfdGltZWxvZyI6ICIyMDIxLTAxLTI3VDEwOjA2OjExKzA1OjMwIiwgInFyX3N0YXR1cyI6IHRydWV9LCB7InFyX2lkIjogImJ0cnMxMTg5NzBkYTliMzkyNDQzYzE1OWZiNjc1YTQwODU3NGFpdXk4OSIsICJxcl90aW1lbG9nIjogIjIwMjEtMDEtMjdUMTA6MDY6MTErMDU6MzAiLCAicXJfc3RhdHVzIjogdHJ1ZX0sIHsicXJfaWQiOiAiYnRyczFmMjcyYjZmOTA1YjdlNzhiZDMyMTUwNzZhODY0YmViZGl1eTg5IiwgInFyX3RpbWVsb2ciOiAiMjAyMS0wMS0yN1QxMDowNjoxMSswNTozMCIsICJxcl9zdGF0dXMiOiB0cnVlfSwgeyJxcl9pZCI6ICJidHJzMTZlNGIzZGNmODdiZjNlZDEwNTdhMWNjZTUzYWVjNzgwaXV5ODkiLCAicXJfdGltZWxvZyI6ICIyMDIxLTAxLTI3VDEwOjA2OjExKzA1OjMwIiwgInFyX3N0YXR1cyI6IHRydWV9LCB7InFyX2lkIjogImJ0cnMxYzBhYTc2YTJjNTQ2OGVmOGYwY2IxZDU3YmNkM2ExNjJpdXk4OSIsICJxcl90aW1lbG9nIjogIjIwMjEtMDEtMjdUMTA6MDY6MTErMDU6MzAiLCAicXJfc3RhdHVzIjogdHJ1ZX0sIHsicXJfaWQiOiAiYnRyczE1MjdkNmY5ODZiMTRkMzlmNDk5MTAxNDM1MjdkZTZiY2l1eTg5IiwgInFyX3RpbWVsb2ciOiAiMjAyMS0wMS0yN1QxMDowNjoxMSswNTozMCIsICJxcl9zdGF0dXMiOiB0cnVlfSwgeyJxcl9pZCI6ICJidHJzMTIwNzAxNmExNmQwMDQ1Njg2ODdlYTU4YjdkYmEzMjA5aXV5ODkiLCAicXJfdGltZWxvZyI6ICIyMDIxLTAxLTI3VDEwOjA2OjExKzA1OjMwIiwgInFyX3N0YXR1cyI6IHRydWV9LCB7InFyX2lkIjogImJ0cnMxMTQzOWE2ZWJlZGQ3YTBmMzk5MmM1OWIxZjVlYThkMzJpdXk4OSIsICJxcl90aW1lbG9nIjogIjIwMjEtMDEtMjdUMTA6MDY6MTErMDU6MzAiLCAicXJfc3RhdHVzIjogdHJ1ZX0sIHsicXJfaWQiOiAiYnRyczFkYTBiODZjNmEwZTc2NDY0NmNkYTdlYzRlODM3ODk4M2l1eTg5IiwgInFyX3RpbWVsb2ciOiAiMjAyMS0wMS0yN1QxMDowNjoxMSswNTozMCIsICJxcl9zdGF0dXMiOiB0cnVlfSwgeyJxcl9pZCI6ICJidHJzMTdlYTgyZjE5NGZiMWI0N2Q3NjI1MzBmY2U3YWU3NjBiaXV5ODkiLCAicXJfdGltZWxvZyI6ICIyMDIxLTAxLTI3VDEwOjA2OjExKzA1OjMwIiwgInFyX3N0YXR1cyI6IGZhbHNlfSwgeyJxcl9pZCI6ICJidHJzMWE4MGI3NmVkZDFiZWI3MDIxOGM3MDYwNWNjYzU4NjM2aXV5ODkiLCAicXJfdGltZWxvZyI6ICIyMDIxLTAxLTI3VDEwOjA2OjExKzA1OjMwIiwgInFyX3N0YXR1cyI6IHRydWV9LCB7InFyX2lkIjogImJ0cnMxOWY1OTQyODk1MDRkYTkyZDU0M2RiZGVlOGY0NjMwYzdpdXk4OSIsICJxcl90aW1lbG9nIjogIjIwMjEtMDEtMjdUMTA6MDY6MTErMDU6MzAiLCAicXJfc3RhdHVzIjogZmFsc2V9LCB7InFyX2lkIjogImJ0cnMxNzlhOWQwNzcxOTZjZWEwZjA2MjQ2YzhiODBmMmI5NDZpdXk4OSIsICJxcl90aW1lbG9nIjogIjIwMjEtMDEtMjdUMTA6MDY6MTErMDU6MzAiLCAicXJfc3RhdHVzIjogdHJ1ZX0sIHsicXJfaWQiOiAiYnRyczFhNzkxMDk3MDYzM2Y3ZDhkMjc4N2Q1ODAzYmFiMGMzNWl1eTg5IiwgInFyX3RpbWVsb2ciOiAiMjAyMS0wMS0yN1QxMDowNjoxMSswNTozMCIsICJxcl9zdGF0dXMiOiB0cnVlfSwgeyJxcl9pZCI6ICJidHJzMTYzMTEzOTA1NmJjNWY2NWVlZmYzOTk2ZTZjODMyYWIzaXV5ODkiLCAicXJfdGltZWxvZyI6ICIyMDIxLTAxLTI3VDEwOjA2OjExKzA1OjMwIiwgInFyX3N0YXR1cyI6IHRydWV9LCB7InFyX2lkIjogImJ0cnMxY2JlODRhZjE2NDI4MWJhNDRmZTExMDI3YzM3MTZkYmVpdXk4OSIsICJxcl90aW1lbG9nIjogIjIwMjEtMDEtMjdUMTA6MDY6MTErMDU6MzAiLCAicXJfc3RhdHVzIjogdHJ1ZX0sIHsicXJfaWQiOiAiYnRyczEzYmQ5YjJkMDVjZWRlMzFlN2QzMTMzOWRlNzQwNTVlZGl1eTg5IiwgInFyX3RpbWVsb2ciOiAiMjAyMS0wMS0yN1QxMDowNjoxMSswNTozMCIsICJxcl9zdGF0dXMiOiB0cnVlfSwgeyJxcl9pZCI6ICJidHJzMWFiMzBkNGUyODZhZTJjZTcyOTdiMDRiOTU0MWY1MjhiaXV5ODkiLCAicXJfdGltZWxvZyI6ICIyMDIxLTAxLTI3VDEwOjA2OjExKzA1OjMwIiwgInFyX3N0YXR1cyI6IHRydWV9LCB7InFyX2lkIjogImJ0cnMxY2YzNDE3MGRiYTUwOTJhZGQ0OWMwMTkwMmIyYmEzNDdpdXk4OSIsICJxcl90aW1lbG9nIjogIjIwMjEtMDEtMjdUMTA6MDY6MTErMDU6MzAiLCAicXJfc3RhdHVzIjogdHJ1ZX0sIHsicXJfaWQiOiAiYnRyczFjNDE3MzFjYjYzNDkyOThlZDRhZmM4MGZiNDdlOTg0ZWl1eTg5IiwgInFyX3RpbWVsb2ciOiAiMjAyMS0wMS0yN1QxMDowNjoxMSswNTozMCIsICJxcl9zdGF0dXMiOiB0cnVlfSwgeyJxcl9pZCI6ICJidHJzMWIwMmYyMTAxZTQ0OWNkOTVlN2M0ZjkzOGMyYzgxNDM4aXV5ODkiLCAicXJfdGltZWxvZyI6ICIyMDIxLTAxLTI3VDEwOjA2OjExKzA1OjMwIiwgInFyX3N0YXR1cyI6IHRydWV9LCB7InFyX2lkIjogImJ0cnMxODEyMDdiZTIwNjMwZjM5NWEwNGU5YjEyNTNjOTY0ZjZpdXk4OSIsICJxcl90aW1lbG9nIjogIjIwMjEtMDEtMjdUMTA6MDY6MTErMDU6MzAiLCAicXJfc3RhdHVzIjogdHJ1ZX0sIHsicXJfaWQiOiAiYnRyczFhNjc0NmRkMjZhMjM5MGFkNmQzZDRjYjI0OWE1MmE5Mml1eTg5IiwgInFyX3RpbWVsb2ciOiAiMjAyMS0wMS0yN1QxMDowNjoxMSswNTozMCIsICJxcl9zdGF0dXMiOiB0cnVlfSwgeyJxcl9pZCI6ICJidHJzMTNkOTc0ZDc3MDUxNGE4YzRkYWNiMzRmY2NlOWY5NGJlaXV5ODkiLCAicXJfdGltZWxvZyI6ICIyMDIxLTAxLTI3VDEwOjA2OjExKzA1OjMwIiwgInFyX3N0YXR1cyI6IHRydWV9LCB7InFyX2lkIjogImJ0cnMxNTU1OTk5NjFlNDBlYjFjZmI0MmM5OWFlMjE3MDRiOWNpdXk4OSIsICJxcl90aW1lbG9nIjogIjIwMjEtMDEtMjdUMTA6MDY6MTErMDU6MzAiLCAicXJfc3RhdHVzIjogdHJ1ZX1dlGF1Yi4=,2021-02-06 10:25:45.000000
:1:views.decorators.cache.cache_page..GET.17abf5259517d604cc9599a00b7385d6.d41d8cd98f00b204e9800998ecf8427e.en-us.Asia/Calcutta,gASVAgMAAAAAAACMFGRqYW5nby5odHRwLnJlc3BvbnNllIwMSHR0cFJlc3BvbnNllJOUKYGUfZQojAhfaGVhZGVyc5R9lCiMDGNvbnRlbnQtdHlwZZSMDENvbnRlbnQtVHlwZZSMGHRleHQvaHRtbDsgY2hhcnNldD11dGYtOJSGlIwOY29udGVudC1sZW5ndGiUjA5Db250ZW50LUxlbmd0aJSMAzM1OJSGlIwHZXhwaXJlc5SMB0V4cGlyZXOUjB1TdW4sIDMxIEphbiAyMDIxIDAyOjU5OjIxIEdNVJSGlIwNY2FjaGUtY29udHJvbJSMDUNhY2hlLUNvbnRyb2yUjAltYXgtYWdlPTWUhpR1jBFfcmVzb3VyY2VfY2xvc2Vyc5RdlIwOX2hhbmRsZXJfY2xhc3OUTowHY29va2llc5SMDGh0dHAuY29va2llc5SMDFNpbXBsZUNvb2tpZZSTlCmBlIwGY2xvc2VklImMDl9yZWFzb25fcGhyYXNllE6MCF9jaGFyc2V0lE6MCl9jb250YWluZXKUXZRCZgEAADwhRE9DVFlQRSBodG1sPgo8aHRtbCBsYW5nPSJlbiI+Cgo8aGVhZD4KICAgIDxtZXRhIGNoYXJzZXQ9IlVURi04Ij4KICAgIDx0aXRsZT5saW5rcy5seTwvdGl0bGU+CjwvaGVhZD4KPGJvZHk+Cjxmb3JtIGFsaWduPSJjZW50ZXIiIGFjdGlvbiA9ICJodHRwOi8vbG9jYWxob3N0OjUwMDAvcXJjb2RlcyIgbWV0aG9kID0gIlBPU1QiPgo8aDM+VVJMIHRvIEJhcmNvZGUgQ2hhbmdlcjwvaDM+CjxwPkVudGVyIHlvdXIgVXJsIDogPGlucHV0IHR5cGUgPSAidGV4dCIgbmFtZSA9ICJ1cmwiIC8+IDwvcD4KPHA+PGlucHV0IHR5cGUgPSAic3VibWl0IiB2YWx1ZSA9ICJzdWJtaXQiIC8+PC9wPgo8L2Zvcm0+CjwvYm9keT4KPC9odG1sPgqUYXViLg==,2021-01-31 02:59:21.000000
:1:views.decorators.cache.cache_header..6dc0d4395f95fd2f888d4bcd32e0cc5b.en-us.Asia/Calcutta,gAVdlC4=,2021-01-31 06:54:30.000000
:1:views.decorators.cache.cache_page..GET.fad0fcb1168d0f4703b15e6057fc93ff.65330eb47d0175f264fdb29633829c0b.en-us.Asia/Calcutta,gASVRwQAAAAAAACMFGRqYW5nby5odHRwLnJlc3BvbnNllIwMSnNvblJlc3BvbnNllJOUKYGUfZQojAhfaGVhZGVyc5R9lCiMDGNvbnRlbnQtdHlwZZSMDENvbnRlbnQtVHlwZZSMEGFwcGxpY2F0aW9uL2pzb26UhpSMBHZhcnmUjARWYXJ5lIwGQWNjZXB0lIaUjAVhbGxvd5SMBUFsbG93lIwMT1BUSU9OUywgR0VUlIaUjA5jb250ZW50LWxlbmd0aJSMDkNvbnRlbnQtTGVuZ3RolIwDNjMzlIaUjAdleHBpcmVzlIwHRXhwaXJlc5SMHVNhdCwgMzAgSmFuIDIwMjEgMDI6NDU6MzEgR01UlIaUjA1jYWNoZS1jb250cm9slIwNQ2FjaGUtQ29udHJvbJSMCW1heC1hZ2U9NZSGlHWMEV9yZXNvdXJjZV9jbG9zZXJzlF2UjA5faGFuZGxlcl9jbGFzc5ROjAdjb29raWVzlIwMaHR0cC5jb29raWVzlIwMU2ltcGxlQ29va2lllJOUKYGUjAZjbG9zZWSUiYwOX3JlYXNvbl9waHJhc2WUTowIX2NoYXJzZXSUTowKX2NvbnRhaW5lcpRdlEJ5AgAAW3sidHJhbnNhY3Rpb25faWQiOiAxLCAiY3JhdGVfaWQiOiAiYnRyczE0YzIyNDFlMDJhYTA0NDUzMzA3N2VhOGRkZTk5ZGY5Mml1eTg5IiwgImxvY2F0aW9uIjogImZoZ2pvam8iLCAiZGVsaXZlcnlTdGF0dXMiOiAiSW4gUHJvZ3Jlc3MiLCAiZGVsaXZlcnlBZ2VudCI6ICJ0b29yIiwgInRpbWVzdGFtcCI6ICIyMDIxLTAxLTI5VDEyOjI4OjA3Ljk5OTUxMCswNTozMCJ9LCB7InRyYW5zYWN0aW9uX2lkIjogMiwgImNyYXRlX2lkIjogImJ0cnMxMjZiNGVlZWZkOTg3MTk2NWMzNzI2YjZmOTVjYzliYmJpdXk4OSIsICJsb2NhdGlvbiI6ICJmaGdqb2pvIiwgImRlbGl2ZXJ5U3RhdHVzIjogIkluIFByb2dyZXNzIiwgImRlbGl2ZXJ5QWdlbnQiOiAidG9vciIsICJ0aW1lc3RhbXAiOiAiMjAyMS0wMS0yOVQxMjozMTowOC40NTAxMzQrMDU6MzAifSwgeyJ0cmFuc2FjdGlvbl9pZCI6IDMsICJjcmF0ZV9pZCI6ICJidHJzMTVlMDc4MjgyZmM3ZjdmYjIxMDI5ZDdiOGE2NmMxOGNhaXV5ODkiLCAibG9jYXRpb24iOiAiZmhnam9qbyIsICJkZWxpdmVyeVN0YXR1cyI6ICJJbiBQcm9ncmVzcyIsICJkZWxpdmVyeUFnZW50IjogInRvb3IiLCAidGltZXN0YW1wIjogIjIwMjEtMDEtMjlUMTI6MzM6MDYuNzg0NjIyKzA1OjMwIn1dlGF1Yi4=,2021-01-30 02:45:31.000000
:1:views.decorators.cache.cache_header..faccb8044598aee011f1a795edf09d76.en-us.Asia/Calcutta,gARdlC4=,2021-01-31 02:54:36.000000
:1:views.decorators.cache.cache_page..GET.faccb8044598aee011f1a795edf09d76.d41d8cd98f00b204e9800998ecf8427e.en-us.Asia/Calcutta,gASVRgIAAAAAAACMFGRqYW5nby5odHRwLnJlc3BvbnNllIwMSHR0cFJlc3BvbnNllJOUKYGUfZQojAhfaGVhZGVyc5R9lCiMDGNvbnRlbnQtdHlwZZSMDENvbnRlbnQtVHlwZZSMGHRleHQvaHRtbDsgY2hhcnNldD11dGYtOJSGlIwOY29udGVudC1sZW5ndGiUjA5Db250ZW50LUxlbmd0aJSMAzE3M5SGlIwHZXhwaXJlc5SMB0V4cGlyZXOUjB1TdW4sIDMxIEphbiAyMDIxIDAyOjU0OjM2IEdNVJSGlIwNY2FjaGUtY29udHJvbJSMDUNhY2hlLUNvbnRyb2yUjAltYXgtYWdlPTWUhpR1jBFfcmVzb3VyY2VfY2xvc2Vyc5RdlIwOX2hhbmRsZXJfY2xhc3OUTowHY29va2llc5SMDGh0dHAuY29va2llc5SMDFNpbXBsZUNvb2tpZZSTlCmBlIwGY2xvc2VklImMDl9yZWFzb25fcGhyYXNllE6MCF9jaGFyc2V0lE6MCl9jb250YWluZXKUXZRDrTxmb3JtIGFjdGlvbiA9ICIiIG1ldGhvZCA9ICJnZXQiPgoJPGxhYmVsIGZvcj0ieW91cl9uYW1lIj5Zb3VyIG5hbWU6IDwvbGFiZWw+Cgk8aW5wdXQgaWQ9InlvdXJfbmFtZSIgdHlwZT0idGV4dCIgbmFtZT0ieW91cl9uYW1lIj4KCTxpbnB1dCB0eXBlPSJzdWJtaXQiIHZhbHVlPSJPSyI+CjwvZm9ybT4KlGF1Yi4=,2021-01-31 02:54:36.000000
:1:views.decorators.cache.cache_header..fad0fcb1168d0f4703b15e6057fc93ff.en-us.Asia/Calcutta,gASVEgAAAAAAAABdlIwLSFRUUF9BQ0NFUFSUYS4=,2021-01-30 05:12:49.000000
:1:views.decorators.cache.cache_page..GET.fad0fcb1168d0f4703b15e6057fc93ff.d41d8cd98f00b204e9800998ecf8427e.en-us.Asia/Calcutta,gASV6QUAAAAAAACMFGRqYW5nby5odHRwLnJlc3BvbnNllIwMSnNvblJlc3BvbnNllJOUKYGUfZQojAhfaGVhZGVyc5R9lCiMDGNvbnRlbnQtdHlwZZSMDENvbnRlbnQtVHlwZZSMEGFwcGxpY2F0aW9uL2pzb26UhpSMBHZhcnmUjARWYXJ5lIwGQWNjZXB0lIaUjAVhbGxvd5SMBUFsbG93lIwMT1BUSU9OUywgR0VUlIaUjA5jb250ZW50LWxlbmd0aJSMDkNvbnRlbnQtTGVuZ3RolIwEMTA1MJSGlIwHZXhwaXJlc5SMB0V4cGlyZXOUjB1TYXQsIDMwIEphbiAyMDIxIDA1OjEyOjQ5IEdNVJSGlIwNY2FjaGUtY29udHJvbJSMDUNhY2hlLUNvbnRyb2yUjAltYXgtYWdlPTWUhpR1jBFfcmVzb3VyY2VfY2xvc2Vyc5RdlIwOX2hhbmRsZXJfY2xhc3OUTowHY29va2llc5SMDGh0dHAuY29va2llc5SMDFNpbXBsZUNvb2tpZZSTlCmBlIwGY2xvc2VklImMDl9yZWFzb25fcGhyYXNllE6MCF9jaGFyc2V0lE6MCl9jb250YWluZXKUXZRCGgQAAFt7InRyYW5zYWN0aW9uX2lkIjogMSwgImNyYXRlX2lkIjogImJ0cnMxNGMyMjQxZTAyYWEwNDQ1MzMwNzdlYThkZGU5OWRmOTJpdXk4OSIsICJsb2NhdGlvbiI6ICJmaGdqb2pvIiwgImRlbGl2ZXJ5U3RhdHVzIjogIkluIFByb2dyZXNzIiwgImRlbGl2ZXJ5QWdlbnQiOiAidG9vciIsICJ0aW1lc3RhbXAiOiAiMjAyMS0wMS0yOVQxMjoyODowNy45OTk1MTArMDU6MzAifSwgeyJ0cmFuc2FjdGlvbl9pZCI6IDIsICJjcmF0ZV9pZCI6ICJidHJzMTI2YjRlZWVmZDk4NzE5NjVjMzcyNmI2Zjk1Y2M5YmJiaXV5ODkiLCAibG9jYXRpb24iOiAiZmhnam9qbyIsICJkZWxpdmVyeVN0YXR1cyI6ICJJbiBQcm9ncmVzcyIsICJkZWxpdmVyeUFnZW50IjogInRvb3IiLCAidGltZXN0YW1wIjogIjIwMjEtMDEtMjlUMTI6MzE6MDguNDUwMTM0KzA1OjMwIn0sIHsidHJhbnNhY3Rpb25faWQiOiAzLCAiY3JhdGVfaWQiOiAiYnRyczE1ZTA3ODI4MmZjN2Y3ZmIyMTAyOWQ3YjhhNjZjMThjYWl1eTg5IiwgImxvY2F0aW9uIjogImZoZ2pvam8iLCAiZGVsaXZlcnlTdGF0dXMiOiAiSW4gUHJvZ3Jlc3MiLCAiZGVsaXZlcnlBZ2VudCI6ICJ0b29yIiwgInRpbWVzdGFtcCI6ICIyMDIxLTAxLTI5VDEyOjMzOjA2Ljc4NDYyMiswNTozMCJ9LCB7InRyYW5zYWN0aW9uX2lkIjogNCwgImNyYXRlX2lkIjogImJ0cnMxYTY3NDZkZDI2YTIzOTBhZDZkM2Q0Y2IyNDlhNTJhOTJpdXk4OSIsICJsb2NhdGlvbiI6ICJjZCIsICJkZWxpdmVyeVN0YXR1cyI6ICJJbiBQcm9ncmVzcyIsICJkZWxpdmVyeUFnZW50IjogInRvb3IiLCAidGltZXN0YW1wIjogIjIwMjEtMDEtMzBUMDg6MTk6MTAuNzc2Mjg3KzA1OjMwIn0sIHsidHJhbnNhY3Rpb25faWQiOiA1LCAiY3JhdGVfaWQiOiAiYnRyczE2ZWNhODRhZTk5YWFiNDZhNzRhNmUxYWNlOTgzYzliNWl1eTg5IiwgImxvY2F0aW9uIjogImZoZ2pvam8iLCAiZGVsaXZlcnlTdGF0dXMiOiAiSW4gUHJvZ3Jlc3MiLCAiZGVsaXZlcnlBZ2VudCI6ICJ0b29yIiwgInRpbWVzdGFtcCI6ICIyMDIxLTAxLTMwVDEwOjQwOjUzLjQxMjI4MCswNTozMCJ9XZRhdWIu,2021-01-30 05:12:49.000000
:1:views.decorators.cache.cache_header..05e4e6917cf136f39ccb55a3fbca19ec.en-us.Asia/Calcutta,gASVAwAAAAAAAABdlC4=,2021-02-02 05:57:23.000000
:1:views.decorators.cache.cache_header..1ad07d0fe2f8b3f24abba253651a7a0d.en-us.Asia/Calcutta,gAVdlC4=,2021-01-31 13:43:07.000000
:1:views.decorators.cache.cache_page..GET.1ad07d0fe2f8b3f24abba253651a7a0d.d41d8cd98f00b204e9800998ecf8427e.en-us.Asia/Calcutta,gAWVVgMAAAAAAACMFGRqYW5nby5odHRwLnJlc3BvbnNllIwMSHR0cFJlc3BvbnNllJOUKYGUfZQojAhfaGVhZGVyc5R9lCiMDGNvbnRlbnQtdHlwZZSMDENvbnRlbnQtVHlwZZSMGHRleHQvaHRtbDsgY2hhcnNldD11dGYtOJSGlIwOY29udGVudC1sZW5ndGiUjA5Db250ZW50LUxlbmd0aJSMAzQ0MpSGlIwHZXhwaXJlc5SMB0V4cGlyZXOUjB1TdW4sIDMxIEphbiAyMDIxIDEzOjQzOjA3IEdNVJSGlIwNY2FjaGUtY29udHJvbJSMDUNhY2hlLUNvbnRyb2yUjAltYXgtYWdlPTWUhpR1jBFfcmVzb3VyY2VfY2xvc2Vyc5RdlIwOX2hhbmRsZXJfY2xhc3OUTowHY29va2llc5SMDGh0dHAuY29va2llc5SMDFNpbXBsZUNvb2tpZZSTlCmBlIwGY2xvc2VklImMDl9yZWFzb25fcGhyYXNllE6MCF9jaGFyc2V0lE6MCl9jb250YWluZXKUXZRCugEAADwhRE9DVFlQRSBodG1sPgo8aHRtbCBsYW5nPSJlbiI+Cgo8aGVhZD4KICAgIDxtZXRhIGNoYXJzZXQ9IlVURi04Ij4KICAgIDx0aXRsZT5saW5rcy5seTwvdGl0bGU+CjwvaGVhZD4KICAgIDxib2R5PgoKCgoKCgogICAgCiAgICAgICAgPGZvcm0gYWN0aW9uID0gIiIgbWV0aG9kID0gImdldCI+CiAgICAgICAgICAgIDxoMz5VUkwgdG8gQmFyY29kZSBDaGFuZ2VyPC9oMz4KICAgICAgICAgICAgPHA+CiAgICAgICAgICAgICAgICBFbnRlciB5b3VyIFVybCA6IDxpbnB1dCB0eXBlID0gInRleHQiIG5hbWUgPSAidXJsIiAvPgogICAgICAgICAgICA8L3A+CiAgICAgICAgICAgIDxwPgogICAgICAgICAgICAgICAgPGlucHV0IHR5cGUgPSAic3VibWl0IiB2YWx1ZSA9ICJzdWJtaXQiIC8+CiAgICAgICAgICAgIDwvcD4KICAgICAgICA8L2Zvcm0+CiAgICA8L2JvZHk+CjwvaHRtbD6UYXViLg==,2021-01-31 13:43:08.000000
:1:views.decorators.cache.cache_header..27d0f1a3caff3fded3ffb022726d4760.en-us.Asia/Calcutta,gARdlC4=,2021-02-02 01:05:59.000000
:1:views.decorators.cache.cache_header..9c20da86daf21f5033052dd01289c2c7.en-us.Asia/Calcutta,gAVdlC4=,2021-02-06 10:33:38.000000
:1:views.decorators.cache.cache_header..a0f02081e6f82dfa2f6af7b52f548166.en-us.Asia/Calcutta,gAVdlC4=,2021-01-31 13:55:18.000000
:1:views.decorators.cache.cache_page..GET.a0f02081e6f82dfa2f6af7b52f548166.d41d8cd98f00b204e9800998ecf8427e.en-us.Asia/Calcutta,gAWV4AMAAAAAAACMFGRqYW5nby5odHRwLnJlc3BvbnNllIwMSHR0cFJlc3BvbnNllJOUKYGUfZQojAhfaGVhZGVyc5R9lCiMDGNvbnRlbnQtdHlwZZSMDENvbnRlbnQtVHlwZZSMGHRleHQvaHRtbDsgY2hhcnNldD11dGYtOJSGlIwOY29udGVudC1sZW5ndGiUjA5Db250ZW50LUxlbmd0aJSMAzU4MJSGlIwHZXhwaXJlc5SMB0V4cGlyZXOUjB1TdW4sIDMxIEphbiAyMDIxIDEzOjU1OjE4IEdNVJSGlIwNY2FjaGUtY29udHJvbJSMDUNhY2hlLUNvbnRyb2yUjAltYXgtYWdlPTWUhpR1jBFfcmVzb3VyY2VfY2xvc2Vyc5RdlIwOX2hhbmRsZXJfY2xhc3OUTowHY29va2llc5SMDGh0dHAuY29va2llc5SMDFNpbXBsZUNvb2tpZZSTlCmBlIwGY2xvc2VklImMDl9yZWFzb25fcGhyYXNllE6MCF9jaGFyc2V0lE6MCl9jb250YWluZXKUXZRCRAIAADwhRE9DVFlQRSBodG1sPgo8aHRtbCBsYW5nPSJlbiI+Cgo8aGVhZD4KICAgIDxtZXRhIGNoYXJzZXQ9IlVURi04Ij4KICAgIDx0aXRsZT5RUl9jb2RlPC90aXRsZT4KPC9oZWFkPgogICAgPGJvZHk+CiAgICAgICAgPGZvcm0gYWxpZ249ImNlbnRlciIgYWN0aW9uID0gIiIgbWV0aG9kID0gIlBPU1QiPgogICAgICAgICAgICA8aW5wdXQgdHlwZT0iaGlkZGVuIiBuYW1lPSJjc3JmbWlkZGxld2FyZXRva2VuIiB2YWx1ZT0ibTRTZDUwUDAzVVczVjZKa2wyTDdBd0dZeE15d0ZrRUpnNXFBOWNiSTM3V2ZISXE2WGNmZFQxaTcydzE2ZVVIQiI+CiAgICAgICAgICAgIDxoMz5VUkwgdG8gQmFyY29kZSBDaGFuZ2VyPC9oMz4KICAgICAgICAgICAgPHA+CiAgICAgICAgICAgICAgICBFbnRlciB5b3VyIFVybCA6IDxpbnB1dCB0eXBlID0gInRleHQiIG5hbWUgPSAidXJsIiAvPgogICAgICAgICAgICA8L3A+CiAgICAgICAgICAgIDxwPgogICAgICAgICAgICAgICAgPGlucHV0IHR5cGUgPSAic3VibWl0IiB2YWx1ZSA9ICJzdWJtaXQiIC8+CiAgICAgICAgICAgIDwvcD4KICAgICAgICA8L2Zvcm0+CiAgICA8L2JvZHk+CjwvaHRtbD6UYXViLg==,2021-01-31 13:55:19.000000
:1:views.decorators.cache.cache_header..306862ff142b78816d6d4a31704fd219.en-us.Asia/Calcutta,gASVEgAAAAAAAABdlIwLSFRUUF9BQ0NFUFSUYS4=,2021-02-06 18:29:37.000000
:1:views.decorators.cache.cache_page..GET.6dc0d4395f95fd2f888d4bcd32e0cc5b.d41d8cd98f00b204e9800998ecf8427e.en-us.Asia/Calcutta,gAWVlQIAAAAAAACMFGRqYW5nby5odHRwLnJlc3BvbnNllIwMSHR0cFJlc3BvbnNllJOUKYGUfZQojAhfaGVhZGVyc5R9lCiMDGNvbnRlbnQtdHlwZZSMDENvbnRlbnQtVHlwZZSMGHRleHQvaHRtbDsgY2hhcnNldD11dGYtOJSGlIwOY29udGVudC1sZW5ndGiUjA5Db250ZW50LUxlbmd0aJSMAzI1MpSGlIwHZXhwaXJlc5SMB0V4cGlyZXOUjB1TdW4sIDMxIEphbiAyMDIxIDA2OjU0OjMwIEdNVJSGlIwNY2FjaGUtY29udHJvbJSMDUNhY2hlLUNvbnRyb2yUjAltYXgtYWdlPTWUhpR1jBFfcmVzb3VyY2VfY2xvc2Vyc5RdlIwOX2hhbmRsZXJfY2xhc3OUTowHY29va2llc5SMDGh0dHAuY29va2llc5SMDFNpbXBsZUNvb2tpZZSTlCmBlIwGY2xvc2VklImMDl9yZWFzb25fcGhyYXNllE6MCF9jaGFyc2V0lE6MCl9jb250YWluZXKUXZRD/DwhRE9DVFlQRSBodG1sPgo8aHRtbCBsYW5nPSJlbiI+CjxoZWFkPgogICAgPG1ldGEgY2hhcnNldD0iVVRGLTgiPgogICAgPHRpdGxlPlRlc3QgaW1hZ2UgZG93bmxvYWQ8L3RpdGxlPgo8L2hlYWQ+Cjxib2R5PgoKICAgIDxhIGhyZWY9Ii4uL3N0YXRpYy9pbWFnZS5wbmciIGRvd25sb2FkPSJsb2dvLWltZyI+CiAgICAgICAgPGltZyBzcmM9Ii4uL3N0YXRpYy9pbWFnZS5wbmciIGFsdD0ibG9nbyI+CiAgICA8L2E+CjwvYm9keT4KPC9odG1sPpRhdWIu,2021-01-31 06:54:30.000000
:1:views.decorators.cache.cache_page..GET.a924ecdd028faeb0391ee854acbed1a3.65330eb47d0175f264fdb29633829c0b.en-us.Asia/Calcutta,gASVtAgAAAAAAACMFGRqYW5nby5odHRwLnJlc3BvbnNllIwMSnNvblJlc3BvbnNllJOUKYGUfZQojAhfaGVhZGVyc5R9lCiMDGNvbnRlbnQtdHlwZZSMDENvbnRlbnQtVHlwZZSMEGFwcGxpY2F0aW9uL2pzb26UhpSMBHZhcnmUjARWYXJ5lIwGQWNjZXB0lIaUjAVhbGxvd5SMBUFsbG93lIwMT1BUSU9OUywgR0VUlIaUjA5jb250ZW50LWxlbmd0aJSMDkNvbnRlbnQtTGVuZ3RolIwEMTc2NZSGlIwHZXhwaXJlc5SMB0V4cGlyZXOUjB1TYXQsIDMwIEphbiAyMDIxIDE0OjUzOjA4IEdNVJSGlIwNY2FjaGUtY29udHJvbJSMDUNhY2hlLUNvbnRyb2yUjAltYXgtYWdlPTWUhpR1jBFfcmVzb3VyY2VfY2xvc2Vyc5RdlIwOX2hhbmRsZXJfY2xhc3OUTowHY29va2llc5SMDGh0dHAuY29va2llc5SMDFNpbXBsZUNvb2tpZZSTlCmBlIwGY2xvc2VklImMDl9yZWFzb25fcGhyYXNllE6MCF9jaGFyc2V0lE6MCl9jb250YWluZXKUXZRC5QYAAFt7InRyYW5zYWN0aW9uX2lkIjogNiwgImNyYXRlX2lkIjogImJ0cnMxOGE1NWI2YTZmMmI4MzUwNjdiOTVlN2FkMmU2M2ZmYmFpdXk4OSxidHJzMTQ3NWI2Y2ZlMmIwMTg2ZWVlNWZkYzk2NWNmOTAxODAzaXV5ODkiLCAibG9jYXRpb24iOiAiZGQiLCAiZGVsaXZlcnlTdGF0dXMiOiAiSW4gUHJvZ3Jlc3MiLCAiZGVsaXZlcnlBZ2VudCI6ICJhcyIsICJ0aW1lc3RhbXAiOiAiMjAyMS0wMS0zMFQxODoyODo1MC44NTc1ODArMDU6MzAifSwgeyJ0cmFuc2FjdGlvbl9pZCI6IDcsICJjcmF0ZV9pZCI6ICJidHJzMTIwNzAxNmExNmQwMDQ1Njg2ODdlYTU4YjdkYmEzMjA5aXV5ODkiLCAibG9jYXRpb24iOiAiYXMiLCAiZGVsaXZlcnlTdGF0dXMiOiAiSW4gUHJvZ3Jlc3MiLCAiZGVsaXZlcnlBZ2VudCI6ICJhc2FzIiwgInRpbWVzdGFtcCI6ICIyMDIxLTAxLTMwVDE4OjI4OjUwKzA1OjMwIn0sIHsidHJhbnNhY3Rpb25faWQiOiA4LCAiY3JhdGVfaWQiOiAiYnRyczE1MjdkNmY5ODZiMTRkMzlmNDk5MTAxNDM1MjdkZTZiY2l1eTg5LGJ0cnMxMjZiNGVlZWZkOTg3MTk2NWMzNzI2YjZmOTVjYzliYmJpdXk4OSIsICJsb2NhdGlvbiI6ICJmaGdqb2pvIiwgImRlbGl2ZXJ5U3RhdHVzIjogIkluIFByb2dyZXNzIiwgImRlbGl2ZXJ5QWdlbnQiOiAidG9vciIsICJ0aW1lc3RhbXAiOiAiMjAyMS0wMS0zMFQxOTo1NjozMS41MzUxNzUrMDU6MzAifSwgeyJ0cmFuc2FjdGlvbl9pZCI6IDksICJjcmF0ZV9pZCI6ICJidHJzMWE2NzQ2ZGQyNmEyMzkwYWQ2ZDNkNGNiMjQ5YTUyYTkyaXV5ODksYnRyczFmNTZiODA4NTQzNTZiNmNlOTUwNjNhOGI4YmJhMzI2N2l1eTg5LGJ0cnMxNGMyMjQxZTAyYWEwNDQ1MzMwNzdlYThkZGU5OWRmOTJpdXk4OSxidHJzMThiYWU4N2Q4Nzc2MDNjZmFhZGY4ODllMTVkOTczNzEwaXV5ODksYnRyczE3ZTI5OWE5ZDY3ODc2ZWNiODk1MjA0NTRlMGU1NzIzMGl1eTg5LGJ0cnMxNWUwNzgyODJmYzdmN2ZiMjEwMjlkN2I4YTY2YzE4Y2FpdXk4OSxidHJzMTUyN2Q2Zjk4NmIxNGQzOWY0OTkxMDE0MzUyN2RlNmJjaXV5ODksYnRyczE2ZWNhODRhZTk5YWFiNDZhNzRhNmUxYWNlOTgzYzliNWl1eTg5LGJ0cnMxMjZiNGVlZWZkOTg3MTk2NWMzNzI2YjZmOTVjYzliYmJpdXk4OSIsICJsb2NhdGlvbiI6ICJmaGdqb2pvIiwgImRlbGl2ZXJ5U3RhdHVzIjogIkluIFByb2dyZXNzIiwgImRlbGl2ZXJ5QWdlbnQiOiAidG9vciIsICJ0aW1lc3RhbXAiOiAiMjAyMS0wMS0zMFQyMDowOToyOC4wMzE5MjQrMDU6MzAifSwgeyJ0cmFuc2FjdGlvbl9pZCI6IDEwLCAiY3JhdGVfaWQiOiAiYnRyczFhNjc0NmRkMjZhMjM5MGFkNmQzZDRjYjI0OWE1MmE5Mml1eTg5LGJ0cnMxZjU2YjgwODU0MzU2YjZjZTk1MDYzYThiOGJiYTMyNjdpdXk4OSIsICJsb2NhdGlvbiI6ICJmaGdqb2pvIiwgImRlbGl2ZXJ5U3RhdHVzIjogIkluIFByb2dyZXNzIiwgImRlbGl2ZXJ5QWdlbnQiOiAidG9vciIsICJ0aW1lc3RhbXAiOiAiMjAyMS0wMS0zMFQyMDoxMjoxMC40Mjc4MzErMDU6MzAifSwgeyJ0cmFuc2FjdGlvbl9pZCI6IDExLCAiY3JhdGVfaWQiOiAiYnRyczFmNTZiODA4NTQzNTZiNmNlOTUwNjNhOGI4YmJhMzI2N2l1eTg5LGJ0cnMxYTY3NDZkZDI2YTIzOTBhZDZkM2Q0Y2IyNDlhNTJhOTJpdXk4OSIsICJsb2NhdGlvbiI6ICJmaGdqb2pvIiwgImRlbGl2ZXJ5U3RhdHVzIjogIkluIFByb2dyZXNzIiwgImRlbGl2ZXJ5QWdlbnQiOiAidG9vciIsICJ0aW1lc3RhbXAiOiAiMjAyMS0wMS0zMFQyMDoxNTo0MS4xMDI2MDQrMDU6MzAifV2UYXViLg==,2021-01-30 14:53:08.000000
:1:views.decorators.cache.cache_header..fad9938bc8a109173f6c73b9d6b34c32.en-us.Asia/Calcutta,gASVEgAAAAAAAABdlIwLSFRUUF9BQ0NFUFSUYS4=,2021-01-31 10:25:37.000000
:1:views.decorators.cache.cache_header..a924ecdd028faeb0391ee854acbed1a3.en-us.Asia/Calcutta,gASVEgAAAAAAAABdlIwLSFRUUF9BQ0NFUFSUYS4=,2021-01-30 15:59:49.000000
:1:views.decorators.cache.cache_page..GET.a924ecdd028faeb0391ee854acbed1a3.d41d8cd98f00b204e9800998ecf8427e.en-us.Asia/Calcutta,gASVgQwAAAAAAACMFGRqYW5nby5odHRwLnJlc3BvbnNllIwMSnNvblJlc3BvbnNllJOUKYGUfZQojAhfaGVhZGVyc5R9lCiMDGNvbnRlbnQtdHlwZZSMDENvbnRlbnQtVHlwZZSMEGFwcGxpY2F0aW9uL2pzb26UhpSMBHZhcnmUjARWYXJ5lIwGQWNjZXB0lIaUjAVhbGxvd5SMBUFsbG93lIwMT1BUSU9OUywgR0VUlIaUjA5jb250ZW50LWxlbmd0aJSMDkNvbnRlbnQtTGVuZ3RolIwEMjczOJSGlIwHZXhwaXJlc5SMB0V4cGlyZXOUjB1TYXQsIDMwIEphbiAyMDIxIDE1OjU5OjQ5IEdNVJSGlIwNY2FjaGUtY29udHJvbJSMDUNhY2hlLUNvbnRyb2yUjAltYXgtYWdlPTWUhpR1jBFfcmVzb3VyY2VfY2xvc2Vyc5RdlIwOX2hhbmRsZXJfY2xhc3OUTowHY29va2llc5SMDGh0dHAuY29va2llc5SMDFNpbXBsZUNvb2tpZZSTlCmBlIwGY2xvc2VklImMDl9yZWFzb25fcGhyYXNllE6MCF9jaGFyc2V0lE6MCl9jb250YWluZXKUXZRCsgoAAFt7InRyYW5zYWN0aW9uX2lkIjogNiwgImNyYXRlX2lkIjogImJ0cnMxOGE1NWI2YTZmMmI4MzUwNjdiOTVlN2FkMmU2M2ZmYmFpdXk4OSxidHJzMTQ3NWI2Y2ZlMmIwMTg2ZWVlNWZkYzk2NWNmOTAxODAzaXV5ODkiLCAibG9jYXRpb24iOiAiZGQiLCAiZGVsaXZlcnlTdGF0dXMiOiAiSW4gUHJvZ3Jlc3MiLCAiZGVsaXZlcnlBZ2VudCI6ICJhcyIsICJ0aW1lc3RhbXAiOiAiMjAyMS0wMS0zMFQxODoyODo1MC44NTc1ODArMDU6MzAifSwgeyJ0cmFuc2FjdGlvbl9pZCI6IDcsICJjcmF0ZV9pZCI6ICJidHJzMTIwNzAxNmExNmQwMDQ1Njg2ODdlYTU4YjdkYmEzMjA5aXV5ODkiLCAibG9jYXRpb24iOiAiYXMiLCAiZGVsaXZlcnlTdGF0dXMiOiAiSW4gUHJvZ3Jlc3MiLCAiZGVsaXZlcnlBZ2VudCI6ICJhc2FzIiwgInRpbWVzdGFtcCI6ICIyMDIxLTAxLTMwVDE4OjI4OjUwKzA1OjMwIn0sIHsidHJhbnNhY3Rpb25faWQiOiA4LCAiY3JhdGVfaWQiOiAiYnRyczE1MjdkNmY5ODZiMTRkMzlmNDk5MTAxNDM1MjdkZTZiY2l1eTg5LGJ0cnMxMjZiNGVlZWZkOTg3MTk2NWMzNzI2YjZmOTVjYzliYmJpdXk4OSIsICJsb2NhdGlvbiI6ICJmaGdqb2pvIiwgImRlbGl2ZXJ5U3RhdHVzIjogIkluIFByb2dyZXNzIiwgImRlbGl2ZXJ5QWdlbnQiOiAidG9vciIsICJ0aW1lc3RhbXAiOiAiMjAyMS0wMS0zMFQxOTo1NjozMS41MzUxNzUrMDU6MzAifSwgeyJ0cmFuc2FjdGlvbl9pZCI6IDEwLCAiY3JhdGVfaWQiOiAiYnRyczFhNjc0NmRkMjZhMjM5MGFkNmQzZDRjYjI0OWE1MmE5Mml1eTg5LGJ0cnMxZjU2YjgwODU0MzU2YjZjZTk1MDYzYThiOGJiYTMyNjdpdXk4OSIsICJsb2NhdGlvbiI6ICJmaGdqb2pvIiwgImRlbGl2ZXJ5U3RhdHVzIjogIkluIFByb2dyZXNzIiwgImRlbGl2ZXJ5QWdlbnQiOiAidG9vciIsICJ0aW1lc3RhbXAiOiAiMjAyMS0wMS0zMFQyMDoxMjoxMC40Mjc4MzErMDU6MzAifSwgeyJ0cmFuc2FjdGlvbl9pZCI6IDksICJjcmF0ZV9pZCI6ICJidHJzMWE2NzQ2ZGQyNmEyMzkwYWQ2ZDNkNGNiMjQ5YTUyYTkyaXV5ODksYnRyczFmNTZiODA4NTQzNTZiNmNlOTUwNjNhOGI4YmJhMzI2N2l1eTg5LGJ0cnMxNGMyMjQxZTAyYWEwNDQ1MzMwNzdlYThkZGU5OWRmOTJpdXk4OSxidHJzMThiYWU4N2Q4Nzc2MDNjZmFhZGY4ODllMTVkOTczNzEwaXV5ODksYnRyczE3ZTI5OWE5ZDY3ODc2ZWNiODk1MjA0NTRlMGU1NzIzMGl1eTg5LGJ0cnMxNWUwNzgyODJmYzdmN2ZiMjEwMjlkN2I4YTY2YzE4Y2FpdXk4OSxidHJzMTUyN2Q2Zjk4NmIxNGQzOWY0OTkxMDE0MzUyN2RlNmJjaXV5ODksYnRyczE2ZWNhODRhZTk5YWFiNDZhNzRhNmUxYWNlOTgzYzliNWl1eTg5LGJ0cnMxMjZiNGVlZWZkOTg3MTk2NWMzNzI2YjZmOTVjYzliYmJpdXk4OSIsICJsb2NhdGlvbiI6ICJmaGdqb2pvIiwgImRlbGl2ZXJ5U3RhdHVzIjogIkRlbGl2ZXJlZCIsICJkZWxpdmVyeUFnZW50IjogInRvb3IiLCAidGltZXN0YW1wIjogIjIwMjEtMDEtMzBUMjA6MzU6MDYuMTQ4NTYwKzA1OjMwIn0sIHsidHJhbnNhY3Rpb25faWQiOiAxMiwgImNyYXRlX2lkIjogImJ0cnMxMTQzOWE2ZWJlZGQ3YTBmMzk5MmM1OWIxZjVlYThkMzJpdXk4OSxidHJzMTlmNTk0Mjg5NTA0ZGE5MmQ1NDNkYmRlZThmNDYzMGM3aXV5ODkiLCAibG9jYXRpb24iOiAiZmhnam9qbyIsICJkZWxpdmVyeVN0YXR1cyI6ICJJbiBQcm9ncmVzcyIsICJkZWxpdmVyeUFnZW50IjogInRvb3IiLCAidGltZXN0YW1wIjogIjIwMjEtMDEtMzBUMjA6NDQ6NTYuOTU2NjU4KzA1OjMwIn0sIHsidHJhbnNhY3Rpb25faWQiOiAxMSwgImNyYXRlX2lkIjogImJ0cnMxZjU2YjgwODU0MzU2YjZjZTk1MDYzYThiOGJiYTMyNjdpdXk4OSxidHJzMWE2NzQ2ZGQyNmEyMzkwYWQ2ZDNkNGNiMjQ5YTUyYTkyaXV5ODkiLCAibG9jYXRpb24iOiAiZmhnam9qbyIsICJkZWxpdmVyeVN0YXR1cyI6ICJEZWxpdmVyZWQiLCAiZGVsaXZlcnlBZ2VudCI6ICJ0b29yIiwgInRpbWVzdGFtcCI6ICIyMDIxLTAxLTMwVDIwOjQ3OjA2Ljk0MDAzNyswNTozMCJ9LCB7InRyYW5zYWN0aW9uX2lkIjogMTMsICJjcmF0ZV9pZCI6ICJidHJzMWYyNzJiNmY5MDViN2U3OGJkMzIxNTA3NmE4NjRiZWJkaXV5ODkiLCAibG9jYXRpb24iOiAiZmhnam9qbyIsICJkZWxpdmVyeVN0YXR1cyI6ICJJbiBQcm9ncmVzcyIsICJkZWxpdmVyeUFnZW50IjogInRvb3IiLCAidGltZXN0YW1wIjogIjIwMjEtMDEtMzBUMjA6NTA6NTguMTMzNDk5KzA1OjMwIn0sIHsidHJhbnNhY3Rpb25faWQiOiAxNCwgImNyYXRlX2lkIjogImJ0cnMxYzBhYTc2YTJjNTQ2OGVmOGYwY2IxZDU3YmNkM2ExNjJpdXk4OSxidHJzMWYyNzJiNmY5MDViN2U3OGJkMzIxNTA3NmE4NjRiZWJkaXV5ODkiLCAibG9jYXRpb24iOiAiZmhnam9qbyIsICJkZWxpdmVyeVN0YXR1cyI6ICJJbiBQcm9ncmVzcyIsICJkZWxpdmVyeUFnZW50IjogInRvb3IiLCAidGltZXN0YW1wIjogIjIwMjEtMDEtMzBUMjA6NTY6MzQuODk4NDY4KzA1OjMwIn0sIHsidHJhbnNhY3Rpb25faWQiOiAxNSwgImNyYXRlX2lkIjogImJ0cnMxZjI3MmI2ZjkwNWI3ZTc4YmQzMjE1MDc2YTg2NGJlYmRpdXk4OSxidHJzMTE0MzlhNmViZWRkN2EwZjM5OTJjNTliMWY1ZWE4ZDMyaXV5ODkiLCAibG9jYXRpb24iOiAiZmhnam9qbyIsICJkZWxpdmVyeVN0YXR1cyI6ICJJbiBQcm9ncmVzcyIsICJkZWxpdmVyeUFnZW50IjogInRvb3IiLCAidGltZXN0YW1wIjogIjIwMjEtMDEtMzBUMjE6MjE6MTEuNTYyODExKzA1OjMwIn1dlGF1Yi4=,2021-01-30 15:59:49.000000
:1:views.decorators.cache.cache_page..GET.fad9938bc8a109173f6c73b9d6b34c32.d41d8cd98f00b204e9800998ecf8427e.en-us.Asia/Calcutta,gASVnQMAAAAAAACMFGRqYW5nby5odHRwLnJlc3BvbnNllIwMSnNvblJlc3BvbnNllJOUKYGUfZQojAhfaGVhZGVyc5R9lCiMDGNvbnRlbnQtdHlwZZSMDENvbnRlbnQtVHlwZZSMEGFwcGxpY2F0aW9uL2pzb26UhpSMBHZhcnmUjARWYXJ5lIwGQWNjZXB0lIaUjAVhbGxvd5SMBUFsbG93lIwMR0VULCBPUFRJT05TlIaUjA5jb250ZW50LWxlbmd0aJSMDkNvbnRlbnQtTGVuZ3RolIwDNDYzlIaUjAdleHBpcmVzlIwHRXhwaXJlc5SMHVN1biwgMzEgSmFuIDIwMjEgMTA6MjU6MzcgR01UlIaUjA1jYWNoZS1jb250cm9slIwNQ2FjaGUtQ29udHJvbJSMCW1heC1hZ2U9NZSGlHWMEV9yZXNvdXJjZV9jbG9zZXJzlF2UjA5faGFuZGxlcl9jbGFzc5ROjAdjb29raWVzlIwMaHR0cC5jb29raWVzlIwMU2ltcGxlQ29va2lllJOUKYGUjAZjbG9zZWSUiYwOX3JlYXNvbl9waHJhc2WUTowIX2NoYXJzZXSUTowKX2NvbnRhaW5lcpRdlELPAQAAW3sidHJhbnNhY3Rpb25faWQiOiAyMCwgImNyYXRlX2lkIjogImJ0cnMxZjI3MmI2ZjkwNWI3ZTc4YmQzMjE1MDc2YTg2NGJlYmRpdXk4OSxidHJzMWMwYWE3NmEyYzU0NjhlZjhmMGNiMWQ1N2JjZDNhMTYyaXV5ODkiLCAibG9jYXRpb24iOiAiZmhnam9qbyIsICJkZWxpdmVyeVN0YXR1cyI6ICJEZWxpdmVyZWQiLCAiZGVsaXZlcnlBZ2VudCI6ICJ0b29yIiwgInRpbWVzdGFtcCI6ICIyMDIxLTAxLTMxVDE1OjQ1OjQ4LjcxNzMxMCswNTozMCJ9LCB7InRyYW5zYWN0aW9uX2lkIjogMjEsICJjcmF0ZV9pZCI6ICJidHJzMTE0MzlhNmViZWRkN2EwZjM5OTJjNTliMWY1ZWE4ZDMyaXV5ODkiLCAibG9jYXRpb24iOiAiZmhnam9qbyIsICJkZWxpdmVyeVN0YXR1cyI6ICJEZWxpdmVyZWQiLCAiZGVsaXZlcnlBZ2VudCI6ICJ0b29yIiwgInRpbWVzdGFtcCI6ICIyMDIxLTAxLTMxVDE1OjU1OjExLjE3NDg1NSswNTozMCJ9XZRhdWIu,2021-01-31 10:25:38.000000
:1:views.decorators.cache.cache_page..GET.7791f04c3d930fba549ac715a2f16c48.d41d8cd98f00b204e9800998ecf8427e.en-us.Asia/Calcutta,gAWVVgMAAAAAAACMFGRqYW5nby5odHRwLnJlc3BvbnNllIwMSHR0cFJlc3BvbnNllJOUKYGUfZQojAhfaGVhZGVyc5R9lCiMDGNvbnRlbnQtdHlwZZSMDENvbnRlbnQtVHlwZZSMGHRleHQvaHRtbDsgY2hhcnNldD11dGYtOJSGlIwOY29udGVudC1sZW5ndGiUjA5Db250ZW50LUxlbmd0aJSMAzQ0MpSGlIwHZXhwaXJlc5SMB0V4cGlyZXOUjB1TdW4sIDMxIEphbiAyMDIxIDEzOjQzOjIwIEdNVJSGlIwNY2FjaGUtY29udHJvbJSMDUNhY2hlLUNvbnRyb2yUjAltYXgtYWdlPTWUhpR1jBFfcmVzb3VyY2VfY2xvc2Vyc5RdlIwOX2hhbmRsZXJfY2xhc3OUTowHY29va2llc5SMDGh0dHAuY29va2llc5SMDFNpbXBsZUNvb2tpZZSTlCmBlIwGY2xvc2VklImMDl9yZWFzb25fcGhyYXNllE6MCF9jaGFyc2V0lE6MCl9jb250YWluZXKUXZRCugEAADwhRE9DVFlQRSBodG1sPgo8aHRtbCBsYW5nPSJlbiI+Cgo8aGVhZD4KICAgIDxtZXRhIGNoYXJzZXQ9IlVURi04Ij4KICAgIDx0aXRsZT5saW5rcy5seTwvdGl0bGU+CjwvaGVhZD4KICAgIDxib2R5PgoKCgoKCgogICAgCiAgICAgICAgPGZvcm0gYWN0aW9uID0gIiIgbWV0aG9kID0gImdldCI+CiAgICAgICAgICAgIDxoMz5VUkwgdG8gQmFyY29kZSBDaGFuZ2VyPC9oMz4KICAgICAgICAgICAgPHA+CiAgICAgICAgICAgICAgICBFbnRlciB5b3VyIFVybCA6IDxpbnB1dCB0eXBlID0gInRleHQiIG5hbWUgPSAidXJsIiAvPgogICAgICAgICAgICA8L3A+CiAgICAgICAgICAgIDxwPgogICAgICAgICAgICAgICAgPGlucHV0IHR5cGUgPSAic3VibWl0IiB2YWx1ZSA9ICJzdWJtaXQiIC8+CiAgICAgICAgICAgIDwvcD4KICAgICAgICA8L2Zvcm0+CiAgICA8L2JvZHk+CjwvaHRtbD6UYXViLg==,2021-01-31 13:43:21.000000
:1:views.decorators.cache.cache_page..GET.1b8a6958e63e3ae684f92cf661c46d5b.d41d8cd98f00b204e9800998ecf8427e.en-us.Asia/Calcutta,gAWVlQIAAAAAAACMFGRqYW5nby5odHRwLnJlc3BvbnNllIwMSHR0cFJlc3BvbnNllJOUKYGUfZQojAhfaGVhZGVyc5R9lCiMDGNvbnRlbnQtdHlwZZSMDENvbnRlbnQtVHlwZZSMGHRleHQvaHRtbDsgY2hhcnNldD11dGYtOJSGlIwOY29udGVudC1sZW5ndGiUjA5Db250ZW50LUxlbmd0aJSMAzI1MpSGlIwHZXhwaXJlc5SMB0V4cGlyZXOUjB1TdW4sIDMxIEphbiAyMDIxIDE1OjUyOjA1IEdNVJSGlIwNY2FjaGUtY29udHJvbJSMDUNhY2hlLUNvbnRyb2yUjAltYXgtYWdlPTWUhpR1jBFfcmVzb3VyY2VfY2xvc2Vyc5RdlIwOX2hhbmRsZXJfY2xhc3OUTowHY29va2llc5SMDGh0dHAuY29va2llc5SMDFNpbXBsZUNvb2tpZZSTlCmBlIwGY2xvc2VklImMDl9yZWFzb25fcGhyYXNllE6MCF9jaGFyc2V0lE6MCl9jb250YWluZXKUXZRD/DwhRE9DVFlQRSBodG1sPgo8aHRtbCBsYW5nPSJlbiI+CjxoZWFkPgogICAgPG1ldGEgY2hhcnNldD0iVVRGLTgiPgogICAgPHRpdGxlPlRlc3QgaW1hZ2UgZG93bmxvYWQ8L3RpdGxlPgo8L2hlYWQ+Cjxib2R5PgoKICAgIDxhIGhyZWY9Ii4uL3N0YXRpYy9pbWFnZS5wbmciIGRvd25sb2FkPSJsb2dvLWltZyI+CiAgICAgICAgPGltZyBzcmM9Ii4uL3N0YXRpYy9pbWFnZS5wbmciIGFsdD0ibG9nbyI+CiAgICA8L2E+CjwvYm9keT4KPC9odG1sPpRhdWIu,2021-01-31 15:52:05.000000
:1:views.decorators.cache.cache_header..0088d615b0aa340a102a206fd12893e7.en-us.Asia/Calcutta,gAVdlC4=,2021-01-31 13:56:36.000000
:1:views.decorators.cache.cache_page..GET.0088d615b0aa340a102a206fd12893e7.d41d8cd98f00b204e9800998ecf8427e.en-us.Asia/Calcutta,gAWVlQIAAAAAAACMFGRqYW5nby5odHRwLnJlc3BvbnNllIwMSHR0cFJlc3BvbnNllJOUKYGUfZQojAhfaGVhZGVyc5R9lCiMDGNvbnRlbnQtdHlwZZSMDENvbnRlbnQtVHlwZZSMGHRleHQvaHRtbDsgY2hhcnNldD11dGYtOJSGlIwOY29udGVudC1sZW5ndGiUjA5Db250ZW50LUxlbmd0aJSMAzI1MpSGlIwHZXhwaXJlc5SMB0V4cGlyZXOUjB1TdW4sIDMxIEphbiAyMDIxIDEzOjU2OjM2IEdNVJSGlIwNY2FjaGUtY29udHJvbJSMDUNhY2hlLUNvbnRyb2yUjAltYXgtYWdlPTWUhpR1jBFfcmVzb3VyY2VfY2xvc2Vyc5RdlIwOX2hhbmRsZXJfY2xhc3OUTowHY29va2llc5SMDGh0dHAuY29va2llc5SMDFNpbXBsZUNvb2tpZZSTlCmBlIwGY2xvc2VklImMDl9yZWFzb25fcGhyYXNllE6MCF9jaGFyc2V0lE6MCl9jb250YWluZXKUXZRD/DwhRE9DVFlQRSBodG1sPgo8aHRtbCBsYW5nPSJlbiI+CjxoZWFkPgogICAgPG1ldGEgY2hhcnNldD0iVVRGLTgiPgogICAgPHRpdGxlPlRlc3QgaW1hZ2UgZG93bmxvYWQ8L3RpdGxlPgo8L2hlYWQ+Cjxib2R5PgoKICAgIDxhIGhyZWY9Ii4uL3N0YXRpYy9pbWFnZS5wbmciIGRvd25sb2FkPSJsb2dvLWltZyI+CiAgICAgICAgPGltZyBzcmM9Ii4uL3N0YXRpYy9pbWFnZS5wbmciIGFsdD0ibG9nbyI+CiAgICA8L2E+CjwvYm9keT4KPC9odG1sPpRhdWIu,2021-01-31 13:56:36.000000
:1:views.decorators.cache.cache_header..9d08150367d1a1034f56177665e6a314.en-us.Asia/Calcutta,gASVAwAAAAAAAABdlC4=,2021-02-02 12:57:55.000000
:1:views.decorators.cache.cache_page..GET.5dd82d5a86b1e9737015251d15a808b6.d41d8cd98f00b204e9800998ecf8427e.en-us.Asia/Calcutta,gASVbwMAAAAAAACMFGRqYW5nby5odHRwLnJlc3BvbnNllIwMSnNvblJlc3BvbnNllJOUKYGUfZQojAhfaGVhZGVyc5R9lCiMDGNvbnRlbnQtdHlwZZSMDENvbnRlbnQtVHlwZZSMEGFwcGxpY2F0aW9uL2pzb26UhpSMBHZhcnmUjARWYXJ5lIwGQWNjZXB0lIaUjAVhbGxvd5SMBUFsbG93lIwMR0VULCBPUFRJT05TlIaUjA5jb250ZW50LWxlbmd0aJSMDkNvbnRlbnQtTGVuZ3RolIwDNDE3lIaUjAdleHBpcmVzlIwHRXhwaXJlc5SMHVRodSwgMDQgRmViIDIwMjEgMDQ6MjQ6MTcgR01UlIaUjA1jYWNoZS1jb250cm9slIwNQ2FjaGUtQ29udHJvbJSMCW1heC1hZ2U9NZSGlHWMEV9yZXNvdXJjZV9jbG9zZXJzlF2UjA5faGFuZGxlcl9jbGFzc5ROjAdjb29raWVzlIwMaHR0cC5jb29raWVzlIwMU2ltcGxlQ29va2lllJOUKYGUjAZjbG9zZWSUiYwOX3JlYXNvbl9waHJhc2WUTowIX2NoYXJzZXSUTowKX2NvbnRhaW5lcpRdlEKhAQAAW3sidHJhbnNhY3Rpb25faWQiOiA2MCwgImNyYXRlX2lkIjogImJ0cnMxN2VhODJmMTk0ZmIxYjQ3ZDc2MjUzMGZjZTdhZTc2MGJpdXk4OSIsICJsb2NhdGlvbiI6ICJ0ZXN0IiwgImRlbGl2ZXJ5U3RhdHVzIjogIkluIFByb2dyZXNzIiwgImRlbGl2ZXJ5QWdlbnQiOiAiYXMiLCAidGltZXN0YW1wIjogIjIwMjEtMDItMDNUMTA6MDE6NDMuODEyNDQ5KzA1OjMwIn0sIHsidHJhbnNhY3Rpb25faWQiOiA2MSwgImNyYXRlX2lkIjogImJ0cnMxOWY1OTQyODk1MDRkYTkyZDU0M2RiZGVlOGY0NjMwYzdpdXk4OSIsICJsb2NhdGlvbiI6ICJmaGdqb2pvIiwgImRlbGl2ZXJ5U3RhdHVzIjogIkRlbGl2ZXJlZCIsICJkZWxpdmVyeUFnZW50IjogInRvb3IiLCAidGltZXN0YW1wIjogIjIwMjEtMDItMDNUMTE6MTc6MTEuNDYyMDkzKzA1OjMwIn1dlGF1Yi4=,2021-02-04 04:24:18.000000
:1:views.decorators.cache.cache_page..GET.f8c614ccdc0fdf6d1142ce2b0b025a19.d41d8cd98f00b204e9800998ecf8427e.en-us.Asia/Calcutta,gASV5wYAAAAAAACMFGRqYW5nby5odHRwLnJlc3BvbnNllIwMSnNvblJlc3BvbnNllJOUKYGUfZQojAhfaGVhZGVyc5R9lCiMDGNvbnRlbnQtdHlwZZSMDENvbnRlbnQtVHlwZZSMEGFwcGxpY2F0aW9uL2pzb26UhpSMBHZhcnmUjARWYXJ5lIwGQWNjZXB0lIaUjAVhbGxvd5SMBUFsbG93lIwMR0VULCBPUFRJT05TlIaUjA5jb250ZW50LWxlbmd0aJSMDkNvbnRlbnQtTGVuZ3RolIwEMTMwNJSGlIwHZXhwaXJlc5SMB0V4cGlyZXOUjB1TdW4sIDMxIEphbiAyMDIxIDE1OjM2OjA2IEdNVJSGlIwNY2FjaGUtY29udHJvbJSMDUNhY2hlLUNvbnRyb2yUjAltYXgtYWdlPTWUhpR1jBFfcmVzb3VyY2VfY2xvc2Vyc5RdlIwOX2hhbmRsZXJfY2xhc3OUTowHY29va2llc5SMDGh0dHAuY29va2llc5SMDFNpbXBsZUNvb2tpZZSTlCmBlIwGY2xvc2VklImMDl9yZWFzb25fcGhyYXNllE6MCF9jaGFyc2V0lE6MCl9jb250YWluZXKUXZRCGAUAAFt7InRyYW5zYWN0aW9uX2lkIjogMjQsICJjcmF0ZV9pZCI6ICJidHJzMTE4OTcwZGE5YjM5MjQ0M2MxNTlmYjY3NWE0MDg1NzRhaXV5ODkiLCAibG9jYXRpb24iOiAiZmhnam9qbyIsICJkZWxpdmVyeVN0YXR1cyI6ICJEZWxpdmVyZWQiLCAiZGVsaXZlcnlBZ2VudCI6ICJhZG1pbiIsICJ0aW1lc3RhbXAiOiAiMjAyMS0wMS0zMVQyMDoxNjoxMC4zNjcyMTgrMDU6MzAifSwgeyJ0cmFuc2FjdGlvbl9pZCI6IDIwLCAiY3JhdGVfaWQiOiAiYnRyczFmMjcyYjZmOTA1YjdlNzhiZDMyMTUwNzZhODY0YmViZGl1eTg5LGJ0cnMxYzBhYTc2YTJjNTQ2OGVmOGYwY2IxZDU3YmNkM2ExNjJpdXk4OSIsICJsb2NhdGlvbiI6ICJmaGdqb2pvIiwgImRlbGl2ZXJ5U3RhdHVzIjogIkRlbGl2ZXJlZCIsICJkZWxpdmVyeUFnZW50IjogInRvb3IiLCAidGltZXN0YW1wIjogIjIwMjEtMDEtMzFUMTU6NDU6NDguNzE3MzEwKzA1OjMwIn0sIHsidHJhbnNhY3Rpb25faWQiOiAyNSwgImNyYXRlX2lkIjogImJ0cnMxNDA1ZWUyYjI5NTJmYWMyNTkxODhjNTcwYjYwZTk3NGRpdXk4OSIsICJsb2NhdGlvbiI6ICJmaGdqb2pvIiwgImRlbGl2ZXJ5U3RhdHVzIjogIkRlbGl2ZXJlZCIsICJkZWxpdmVyeUFnZW50IjogInRvb3IiLCAidGltZXN0YW1wIjogIjIwMjEtMDEtMzFUMjA6NTQ6MzUuMTc3NzAzKzA1OjMwIn0sIHsidHJhbnNhY3Rpb25faWQiOiAyMSwgImNyYXRlX2lkIjogImJ0cnMxMTQzOWE2ZWJlZGQ3YTBmMzk5MmM1OWIxZjVlYThkMzJpdXk4OSIsICJsb2NhdGlvbiI6ICJmaGdqb2pvIiwgImRlbGl2ZXJ5U3RhdHVzIjogIkRlbGl2ZXJlZCIsICJkZWxpdmVyeUFnZW50IjogInRvb3IiLCAidGltZXN0YW1wIjogIjIwMjEtMDEtMzFUMTU6NTU6MTEuMTc0ODU1KzA1OjMwIn0sIHsidHJhbnNhY3Rpb25faWQiOiAyMiwgImNyYXRlX2lkIjogImJ0cnMxOGJhZTg3ZDg3NzYwM2NmYWFkZjg4OWUxNWQ5NzM3MTBpdXk4OSIsICJsb2NhdGlvbiI6ICJmaGdqb2pvIiwgImRlbGl2ZXJ5U3RhdHVzIjogIkRlbGl2ZXJlZCIsICJkZWxpdmVyeUFnZW50IjogInRvb3IiLCAidGltZXN0YW1wIjogIjIwMjEtMDEtMzFUMTk6Mzc6MDEuMzkwNTY5KzA1OjMwIn0sIHsidHJhbnNhY3Rpb25faWQiOiAyMywgImNyYXRlX2lkIjogImJ0cnMxODEyMDdiZTIwNjMwZjM5NWEwNGU5YjEyNTNjOTY0ZjZpdXk4OSIsICJsb2NhdGlvbiI6ICJmaGdqb2pvIiwgImRlbGl2ZXJ5U3RhdHVzIjogIkRlbGl2ZXJlZCIsICJkZWxpdmVyeUFnZW50IjogInRvb3IiLCAidGltZXN0YW1wIjogIjIwMjEtMDEtMzFUMTk6NTE6MjcuNzk5Mzg1KzA1OjMwIn1dlGF1Yi4=,2021-01-31 15:36:06.000000
:1:views.decorators.cache.cache_header..3b898f3362f538ff037209e44dc1318e.en-us.Asia/Calcutta,gAVdlC4=,2021-01-31 15:54:45.000000
:1:views.decorators.cache.cache_page..GET.9c20da86daf21f5033052dd01289c2c7.d41d8cd98f00b204e9800998ecf8427e.en-us.Asia/Calcutta,gAWV9gMAAAAAAACMFGRqYW5nby5odHRwLnJlc3BvbnNllIwMSHR0cFJlc3BvbnNllJOUKYGUfZQojAhfaGVhZGVyc5R9lCiMDGNvbnRlbnQtdHlwZZSMDENvbnRlbnQtVHlwZZSMGHRleHQvaHRtbDsgY2hhcnNldD11dGYtOJSGlIwOY29udGVudC1sZW5ndGiUjA5Db250ZW50LUxlbmd0aJSMAzYwMpSGlIwHZXhwaXJlc5SMB0V4cGlyZXOUjB1TYXQsIDA2IEZlYiAyMDIxIDEwOjMzOjM4IEdNVJSGlIwNY2FjaGUtY29udHJvbJSMDUNhY2hlLUNvbnRyb2yUjAltYXgtYWdlPTWUhpR1jBFfcmVzb3VyY2VfY2xvc2Vyc5RdlIwOX2hhbmRsZXJfY2xhc3OUTowHY29va2llc5SMDGh0dHAuY29va2llc5SMDFNpbXBsZUNvb2tpZZSTlCmBlIwGY2xvc2VklImMDl9yZWFzb25fcGhyYXNllE6MCF9jaGFyc2V0lE6MCl9jb250YWluZXKUXZRCWgIAADwhRE9DVFlQRSBodG1sPgo8aHRtbCBsYW5nID0gImVuIj4KCiAgICA8aGVhZD4KICAgICAgICA8bWV0YSBjaGFyc2V0ID0gIlVURi04Ij4KICAgICAgICA8dGl0bGU+UVJfY29kZTwvdGl0bGU+CiAgICA8L2hlYWQ+CiAgICA8Ym9keT4KICAgICAgICA8Zm9ybSBhbGlnbiA9ICJjZW50ZXIiIGFjdGlvbiA9ICIiIG1ldGhvZCA9ICJQT1NUIj4KICAgICAgICAgICAgPGlucHV0IHR5cGU9ImhpZGRlbiIgbmFtZT0iY3NyZm1pZGRsZXdhcmV0b2tlbiIgdmFsdWU9Ik5WZ3RBUzR5b3lYRXZ0WDV6bjlIWnltNllqc1Q5ZzFRY21TaldHN29VZkVpSW5RUUUxeTJvejBkTlp2N0hRbEgiPgogICAgICAgICAgICA8aDM+VVJMIHRvIEJhcmNvZGUgQ2hhbmdlcjwvaDM+CiAgICAgICAgICAgIDxwPgogICAgICAgICAgICAgICAgRW50ZXIgeW91ciBVcmwgOiA8aW5wdXQgdHlwZSA9ICJ0ZXh0IiBuYW1lID0gInVybCIgLz4KICAgICAgICAgICAgPC9wPgogICAgICAgICAgICA8cD4KICAgICAgICAgICAgICAgIDxpbnB1dCB0eXBlID0gInN1Ym1pdCIgdmFsdWUgPSAiU3VibWl0IiAvPgogICAgICAgICAgICA8L3A+CiAgICAgICAgPC9mb3JtPgogICAgPC9ib2R5Pgo8L2h0bWw+lGF1Yi4=,2021-02-06 10:33:38.000000
:1:views.decorators.cache.cache_page..GET.58c6b50220cd8e3cf2551d6581747537.d41d8cd98f00b204e9800998ecf8427e.en-us.Asia/Calcutta,gASVCQMAAAAAAACMFGRqYW5nby5odHRwLnJlc3BvbnNllIwMSHR0cFJlc3BvbnNllJOUKYGUfZQojAhfaGVhZGVyc5R9lCiMDGNvbnRlbnQtdHlwZZSMDENvbnRlbnQtVHlwZZSMGHRleHQvaHRtbDsgY2hhcnNldD11dGYtOJSGlIwOY29udGVudC1sZW5ndGiUjA5Db250ZW50LUxlbmd0aJSMAzM2NZSGlIwHZXhwaXJlc5SMB0V4cGlyZXOUjB1UdWUsIDAyIEZlYiAyMDIxIDAwOjQzOjA0IEdNVJSGlIwNY2FjaGUtY29udHJvbJSMDUNhY2hlLUNvbnRyb2yUjAltYXgtYWdlPTWUhpR1jBFfcmVzb3VyY2VfY2xvc2Vyc5RdlIwOX2hhbmRsZXJfY2xhc3OUTowHY29va2llc5SMDGh0dHAuY29va2llc5SMDFNpbXBsZUNvb2tpZZSTlCmBlIwGY2xvc2VklImMDl9yZWFzb25fcGhyYXNllE6MCF9jaGFyc2V0lE6MCl9jb250YWluZXKUXZRCbQEAADwhRE9DVFlQRSBodG1sPgo8aHRtbCBsYW5nPSJlbiI+CjxoZWFkPgogICAgPG1ldGEgY2hhcnNldD0iVVRGLTgiPgogICAgPHRpdGxlPlRlc3QgaW1hZ2UgZG93bmxvYWQ8L3RpdGxlPgo8L2hlYWQ+Cjxib2R5PgoKICAgIDxhIGhyZWY9Ii4uL3N0YXRpYy9idHJzMTRjMjI0MWUwMmFhMDQ0NTMzMDc3ZWE4ZGRlOTlkZjkyaXV5ODkucG5nIiBkb3dubG9hZD0iYnRyczE0YzIyNDFlMDJhYTA0NDUzMzA3N2VhOGRkZTk5ZGY5Mml1eTg5LmltZyI+CiAgICAgICAgPGltZyBzcmM9Ii4uL3N0YXRpYy9idHJzMTRjMjI0MWUwMmFhMDQ0NTMzMDc3ZWE4ZGRlOTlkZjkyaXV5ODkucG5nIiBhbHQ9ImxvZ28iPgogICAgPC9hPgo8L2JvZHk+CjwvaHRtbD4KlGF1Yi4=,2021-02-02 00:43:04.000000
:1:views.decorators.cache.cache_page..GET.6246d83c27db918d7c3281a96faa8409.d41d8cd98f00b204e9800998ecf8427e.en-us.Asia/Calcutta,gASV4AMAAAAAAACMFGRqYW5nby5odHRwLnJlc3BvbnNllIwMSHR0cFJlc3BvbnNllJOUKYGUfZQojAhfaGVhZGVyc5R9lCiMDGNvbnRlbnQtdHlwZZSMDENvbnRlbnQtVHlwZZSMGHRleHQvaHRtbDsgY2hhcnNldD11dGYtOJSGlIwOY29udGVudC1sZW5ndGiUjA5Db250ZW50LUxlbmd0aJSMAzU4MJSGlIwHZXhwaXJlc5SMB0V4cGlyZXOUjB1UdWUsIDAyIEZlYiAyMDIxIDAwOjQzOjA5IEdNVJSGlIwNY2FjaGUtY29udHJvbJSMDUNhY2hlLUNvbnRyb2yUjAltYXgtYWdlPTWUhpR1jBFfcmVzb3VyY2VfY2xvc2Vyc5RdlIwOX2hhbmRsZXJfY2xhc3OUTowHY29va2llc5SMDGh0dHAuY29va2llc5SMDFNpbXBsZUNvb2tpZZSTlCmBlIwGY2xvc2VklImMDl9yZWFzb25fcGhyYXNllE6MCF9jaGFyc2V0lE6MCl9jb250YWluZXKUXZRCRAIAADwhRE9DVFlQRSBodG1sPgo8aHRtbCBsYW5nPSJlbiI+Cgo8aGVhZD4KICAgIDxtZXRhIGNoYXJzZXQ9IlVURi04Ij4KICAgIDx0aXRsZT5RUl9jb2RlPC90aXRsZT4KPC9oZWFkPgogICAgPGJvZHk+CiAgICAgICAgPGZvcm0gYWxpZ249ImNlbnRlciIgYWN0aW9uID0gIiIgbWV0aG9kID0gIlBPU1QiPgogICAgICAgICAgICA8aW5wdXQgdHlwZT0iaGlkZGVuIiBuYW1lPSJjc3JmbWlkZGxld2FyZXRva2VuIiB2YWx1ZT0ieUVHMUNJS0NOMjhvZkFKVXFUZjRhdW5NRktrQTNvUjhOaTlIbnBuNnJINGIwOU5qYU5yT2J6RlJhSEw5dHYzQiI+CiAgICAgICAgICAgIDxoMz5VUkwgdG8gQmFyY29kZSBDaGFuZ2VyPC9oMz4KICAgICAgICAgICAgPHA+CiAgICAgICAgICAgICAgICBFbnRlciB5b3VyIFVybCA6IDxpbnB1dCB0eXBlID0gInRleHQiIG5hbWUgPSAidXJsIiAvPgogICAgICAgICAgICA8L3A+CiAgICAgICAgICAgIDxwPgogICAgICAgICAgICAgICAgPGlucHV0IHR5cGUgPSAic3VibWl0IiB2YWx1ZSA9ICJTdWJtaXQiIC8+CiAgICAgICAgICAgIDwvcD4KICAgICAgICA8L2Zvcm0+CiAgICA8L2JvZHk+CjwvaHRtbD6UYXViLg==,2021-02-02 00:43:09.000000
:1:views.decorators.cache.cache_page..GET.c702c26d5430b9dd417d16e2cc9eadfa.d41d8cd98f00b204e9800998ecf8427e.en-us.Asia/Calcutta,gASVQQUAAAAAAACMFGRqYW5nby5odHRwLnJlc3BvbnNllIwMSnNvblJlc3BvbnNllJOUKYGUfZQojAhfaGVhZGVyc5R9lCiMDGNvbnRlbnQtdHlwZZSMDENvbnRlbnQtVHlwZZSMEGFwcGxpY2F0aW9uL2pzb26UhpSMBHZhcnmUjARWYXJ5lIwGQWNjZXB0lIaUjAVhbGxvd5SMBUFsbG93lIwMT1BUSU9OUywgR0VUlIaUjA5jb250ZW50LWxlbmd0aJSMDkNvbnRlbnQtTGVuZ3RolIwDODgzlIaUjAdleHBpcmVzlIwHRXhwaXJlc5SMHVN1biwgMzEgSmFuIDIwMjEgMTQ6Mzc6MTkgR01UlIaUjA1jYWNoZS1jb250cm9slIwNQ2FjaGUtQ29udHJvbJSMCW1heC1hZ2U9NZSGlHWMEV9yZXNvdXJjZV9jbG9zZXJzlF2UjA5faGFuZGxlcl9jbGFzc5ROjAdjb29raWVzlIwMaHR0cC5jb29raWVzlIwMU2ltcGxlQ29va2lllJOUKYGUjAZjbG9zZWSUiYwOX3JlYXNvbl9waHJhc2WUTowIX2NoYXJzZXSUTowKX2NvbnRhaW5lcpRdlEJzAwAAW3sidHJhbnNhY3Rpb25faWQiOiAyMCwgImNyYXRlX2lkIjogImJ0cnMxZjI3MmI2ZjkwNWI3ZTc4YmQzMjE1MDc2YTg2NGJlYmRpdXk4OSxidHJzMWMwYWE3NmEyYzU0NjhlZjhmMGNiMWQ1N2JjZDNhMTYyaXV5ODkiLCAibG9jYXRpb24iOiAiZmhnam9qbyIsICJkZWxpdmVyeVN0YXR1cyI6ICJEZWxpdmVyZWQiLCAiZGVsaXZlcnlBZ2VudCI6ICJ0b29yIiwgInRpbWVzdGFtcCI6ICIyMDIxLTAxLTMxVDE1OjQ1OjQ4LjcxNzMxMCswNTozMCJ9LCB7InRyYW5zYWN0aW9uX2lkIjogMjEsICJjcmF0ZV9pZCI6ICJidHJzMTE0MzlhNmViZWRkN2EwZjM5OTJjNTliMWY1ZWE4ZDMyaXV5ODkiLCAibG9jYXRpb24iOiAiZmhnam9qbyIsICJkZWxpdmVyeVN0YXR1cyI6ICJEZWxpdmVyZWQiLCAiZGVsaXZlcnlBZ2VudCI6ICJ0b29yIiwgInRpbWVzdGFtcCI6ICIyMDIxLTAxLTMxVDE1OjU1OjExLjE3NDg1NSswNTozMCJ9LCB7InRyYW5zYWN0aW9uX2lkIjogMjIsICJjcmF0ZV9pZCI6ICJidHJzMThiYWU4N2Q4Nzc2MDNjZmFhZGY4ODllMTVkOTczNzEwaXV5ODkiLCAibG9jYXRpb24iOiAiZmhnam9qbyIsICJkZWxpdmVyeVN0YXR1cyI6ICJEZWxpdmVyZWQiLCAiZGVsaXZlcnlBZ2VudCI6ICJ0b29yIiwgInRpbWVzdGFtcCI6ICIyMDIxLTAxLTMxVDE5OjM3OjAxLjM5MDU2OSswNTozMCJ9LCB7InRyYW5zYWN0aW9uX2lkIjogMjMsICJjcmF0ZV9pZCI6ICJidHJzMTgxMjA3YmUyMDYzMGYzOTVhMDRlOWIxMjUzYzk2NGY2aXV5ODkiLCAibG9jYXRpb24iOiAiZmhnam9qbyIsICJkZWxpdmVyeVN0YXR1cyI6ICJEZWxpdmVyZWQiLCAiZGVsaXZlcnlBZ2VudCI6ICJ0b29yIiwgInRpbWVzdGFtcCI6ICIyMDIxLTAxLTMxVDE5OjUxOjI3Ljc5OTM4NSswNTozMCJ9XZRhdWIu,2021-01-31 14:37:19.000000
:1:views.decorators.cache.cache_header..6246d83c27db918d7c3281a96faa8409.en-us.Asia/Calcutta,gARdlC4=,2021-02-02 00:43:09.000000
:1:views.decorators.cache.cache_page..GET.156f5d14ef23f8f1491f1c5ad65dd2fb.d41d8cd98f00b204e9800998ecf8427e.en-us.Asia/Calcutta,gASVbwMAAAAAAACMFGRqYW5nby5odHRwLnJlc3BvbnNllIwMSnNvblJlc3BvbnNllJOUKYGUfZQojAhfaGVhZGVyc5R9lCiMDGNvbnRlbnQtdHlwZZSMDENvbnRlbnQtVHlwZZSMEGFwcGxpY2F0aW9uL2pzb26UhpSMBHZhcnmUjARWYXJ5lIwGQWNjZXB0lIaUjAVhbGxvd5SMBUFsbG93lIwMR0VULCBPUFRJT05TlIaUjA5jb250ZW50LWxlbmd0aJSMDkNvbnRlbnQtTGVuZ3RolIwDNDE3lIaUjAdleHBpcmVzlIwHRXhwaXJlc5SMHVdlZCwgMDMgRmViIDIwMjEgMDU6Mzg6MDggR01UlIaUjA1jYWNoZS1jb250cm9slIwNQ2FjaGUtQ29udHJvbJSMCW1heC1hZ2U9NZSGlHWMEV9yZXNvdXJjZV9jbG9zZXJzlF2UjA5faGFuZGxlcl9jbGFzc5ROjAdjb29raWVzlIwMaHR0cC5jb29raWVzlIwMU2ltcGxlQ29va2lllJOUKYGUjAZjbG9zZWSUiYwOX3JlYXNvbl9waHJhc2WUTowIX2NoYXJzZXSUTowKX2NvbnRhaW5lcpRdlEKhAQAAW3sidHJhbnNhY3Rpb25faWQiOiA2MCwgImNyYXRlX2lkIjogImJ0cnMxN2VhODJmMTk0ZmIxYjQ3ZDc2MjUzMGZjZTdhZTc2MGJpdXk4OSIsICJsb2NhdGlvbiI6ICJ0ZXN0IiwgImRlbGl2ZXJ5U3RhdHVzIjogIkluIFByb2dyZXNzIiwgImRlbGl2ZXJ5QWdlbnQiOiAiYXMiLCAidGltZXN0YW1wIjogIjIwMjEtMDItMDNUMTA6MDE6NDMuODEyNDQ5KzA1OjMwIn0sIHsidHJhbnNhY3Rpb25faWQiOiA2MSwgImNyYXRlX2lkIjogImJ0cnMxOWY1OTQyODk1MDRkYTkyZDU0M2RiZGVlOGY0NjMwYzdpdXk4OSIsICJsb2NhdGlvbiI6ICJmaGdqb2pvIiwgImRlbGl2ZXJ5U3RhdHVzIjogIkRlbGl2ZXJlZCIsICJkZWxpdmVyeUFnZW50IjogInRvb3IiLCAidGltZXN0YW1wIjogIjIwMjEtMDItMDNUMTA6NTk6NDAuODk3ODEwKzA1OjMwIn1dlGF1Yi4=,2021-02-03 05:38:08.000000
:1:views.decorators.cache.cache_header..d3311f67fb60ab07876185a791030d2f.en-us.Asia/Calcutta,gASVEgAAAAAAAABdlIwLSFRUUF9BQ0NFUFSUYS4=,2021-02-04 06:48:42.000000
:1:views.decorators.cache.cache_header..38afab2a358d9468867ee4b0f8415e2d.en-us.Asia/Calcutta,gAVdlC4=,2021-02-02 05:21:27.000000
:1:views.decorators.cache.cache_header..6a735e0e2c5a77b71db7838ad1d031fe.en-us.Asia/Calcutta,gAVdlC4=,2021-02-06 10:29:09.000000
:1:views.decorators.cache.cache_page..GET.6a735e0e2c5a77b71db7838ad1d031fe.d41d8cd98f00b204e9800998ecf8427e.en-us.Asia/Calcutta,gAWV9gMAAAAAAACMFGRqYW5nby5odHRwLnJlc3BvbnNllIwMSHR0cFJlc3BvbnNllJOUKYGUfZQojAhfaGVhZGVyc5R9lCiMDGNvbnRlbnQtdHlwZZSMDENvbnRlbnQtVHlwZZSMGHRleHQvaHRtbDsgY2hhcnNldD11dGYtOJSGlIwOY29udGVudC1sZW5ndGiUjA5Db250ZW50LUxlbmd0aJSMAzYwMpSGlIwHZXhwaXJlc5SMB0V4cGlyZXOUjB1TYXQsIDA2IEZlYiAyMDIxIDEwOjI5OjA5IEdNVJSGlIwNY2FjaGUtY29udHJvbJSMDUNhY2hlLUNvbnRyb2yUjAltYXgtYWdlPTWUhpR1jBFfcmVzb3VyY2VfY2xvc2Vyc5RdlIwOX2hhbmRsZXJfY2xhc3OUTowHY29va2llc5SMDGh0dHAuY29va2llc5SMDFNpbXBsZUNvb2tpZZSTlCmBlIwGY2xvc2VklImMDl9yZWFzb25fcGhyYXNllE6MCF9jaGFyc2V0lE6MCl9jb250YWluZXKUXZRCWgIAADwhRE9DVFlQRSBodG1sPgo8aHRtbCBsYW5nID0gImVuIj4KCiAgICA8aGVhZD4KICAgICAgICA8bWV0YSBjaGFyc2V0ID0gIlVURi04Ij4KICAgICAgICA8dGl0bGU+UVJfY29kZTwvdGl0bGU+CiAgICA8L2hlYWQ+CiAgICA8Ym9keT4KICAgICAgICA8Zm9ybSBhbGlnbiA9ICJjZW50ZXIiIGFjdGlvbiA9ICIiIG1ldGhvZCA9ICJQT1NUIj4KICAgICAgICAgICAgPGlucHV0IHR5cGU9ImhpZGRlbiIgbmFtZT0iY3NyZm1pZGRsZXdhcmV0b2tlbiIgdmFsdWU9Im91N1JZZXZVQ3VJc3h4OWx2ZmhlMHNkb3ZQNVZXdklRZzlURGgxSk5ITW1Eb1pybng2bEJ1R0Fhc0xLSWJrWmkiPgogICAgICAgICAgICA8aDM+VVJMIHRvIEJhcmNvZGUgQ2hhbmdlcjwvaDM+CiAgICAgICAgICAgIDxwPgogICAgICAgICAgICAgICAgRW50ZXIgeW91ciBVcmwgOiA8aW5wdXQgdHlwZSA9ICJ0ZXh0IiBuYW1lID0gInVybCIgLz4KICAgICAgICAgICAgPC9wPgogICAgICAgICAgICA8cD4KICAgICAgICAgICAgICAgIDxpbnB1dCB0eXBlID0gInN1Ym1pdCIgdmFsdWUgPSAiU3VibWl0IiAvPgogICAgICAgICAgICA8L3A+CiAgICAgICAgPC9mb3JtPgogICAgPC9ib2R5Pgo8L2h0bWw+lGF1Yi4=,2021-02-06 10:29:09.000000
:1:views.decorators.cache.cache_header..6a73d3c721de6cbdab303d7f4813762f.en-us.Asia/Calcutta,gAVdlC4=,2021-02-06 10:33:56.000000
:1:views.decorators.cache.cache_page..GET.2edd1040f98af77d5de32b582b305b6d.d41d8cd98f00b204e9800998ecf8427e.en-us.Asia/Calcutta,gASVQQUAAAAAAACMFGRqYW5nby5odHRwLnJlc3BvbnNllIwMSnNvblJlc3BvbnNllJOUKYGUfZQojAhfaGVhZGVyc5R9lCiMDGNvbnRlbnQtdHlwZZSMDENvbnRlbnQtVHlwZZSMEGFwcGxpY2F0aW9uL2pzb26UhpSMBHZhcnmUjARWYXJ5lIwGQWNjZXB0lIaUjAVhbGxvd5SMBUFsbG93lIwMR0VULCBPUFRJT05TlIaUjA5jb250ZW50LWxlbmd0aJSMDkNvbnRlbnQtTGVuZ3RolIwDODgzlIaUjAdleHBpcmVzlIwHRXhwaXJlc5SMHVN1biwgMzEgSmFuIDIwMjEgMTQ6NDU6MzIgR01UlIaUjA1jYWNoZS1jb250cm9slIwNQ2FjaGUtQ29udHJvbJSMCW1heC1hZ2U9NZSGlHWMEV9yZXNvdXJjZV9jbG9zZXJzlF2UjA5faGFuZGxlcl9jbGFzc5ROjAdjb29raWVzlIwMaHR0cC5jb29raWVzlIwMU2ltcGxlQ29va2lllJOUKYGUjAZjbG9zZWSUiYwOX3JlYXNvbl9waHJhc2WUTowIX2NoYXJzZXSUTowKX2NvbnRhaW5lcpRdlEJzAwAAW3sidHJhbnNhY3Rpb25faWQiOiAyMCwgImNyYXRlX2lkIjogImJ0cnMxZjI3MmI2ZjkwNWI3ZTc4YmQzMjE1MDc2YTg2NGJlYmRpdXk4OSxidHJzMWMwYWE3NmEyYzU0NjhlZjhmMGNiMWQ1N2JjZDNhMTYyaXV5ODkiLCAibG9jYXRpb24iOiAiZmhnam9qbyIsICJkZWxpdmVyeVN0YXR1cyI6ICJEZWxpdmVyZWQiLCAiZGVsaXZlcnlBZ2VudCI6ICJ0b29yIiwgInRpbWVzdGFtcCI6ICIyMDIxLTAxLTMxVDE1OjQ1OjQ4LjcxNzMxMCswNTozMCJ9LCB7InRyYW5zYWN0aW9uX2lkIjogMjEsICJjcmF0ZV9pZCI6ICJidHJzMTE0MzlhNmViZWRkN2EwZjM5OTJjNTliMWY1ZWE4ZDMyaXV5ODkiLCAibG9jYXRpb24iOiAiZmhnam9qbyIsICJkZWxpdmVyeVN0YXR1cyI6ICJEZWxpdmVyZWQiLCAiZGVsaXZlcnlBZ2VudCI6ICJ0b29yIiwgInRpbWVzdGFtcCI6ICIyMDIxLTAxLTMxVDE1OjU1OjExLjE3NDg1NSswNTozMCJ9LCB7InRyYW5zYWN0aW9uX2lkIjogMjIsICJjcmF0ZV9pZCI6ICJidHJzMThiYWU4N2Q4Nzc2MDNjZmFhZGY4ODllMTVkOTczNzEwaXV5ODkiLCAibG9jYXRpb24iOiAiZmhnam9qbyIsICJkZWxpdmVyeVN0YXR1cyI6ICJEZWxpdmVyZWQiLCAiZGVsaXZlcnlBZ2VudCI6ICJ0b29yIiwgInRpbWVzdGFtcCI6ICIyMDIxLTAxLTMxVDE5OjM3OjAxLjM5MDU2OSswNTozMCJ9LCB7InRyYW5zYWN0aW9uX2lkIjogMjMsICJjcmF0ZV9pZCI6ICJidHJzMTgxMjA3YmUyMDYzMGYzOTVhMDRlOWIxMjUzYzk2NGY2aXV5ODkiLCAibG9jYXRpb24iOiAiZmhnam9qbyIsICJkZWxpdmVyeVN0YXR1cyI6ICJEZWxpdmVyZWQiLCAiZGVsaXZlcnlBZ2VudCI6ICJ0b29yIiwgInRpbWVzdGFtcCI6ICIyMDIxLTAxLTMxVDE5OjUxOjI3Ljc5OTM4NSswNTozMCJ9XZRhdWIu,2021-01-31 14:45:33.000000
:1:views.decorators.cache.cache_header..5dd82d5a86b1e9737015251d15a808b6.en-us.Asia/Calcutta,gASVEgAAAAAAAABdlIwLSFRUUF9BQ0NFUFSUYS4=,2021-02-04 04:24:17.000000
:1:views.decorators.cache.cache_header..29e62360c94b0fe680349415317efc9c.en-us.Asia/Calcutta,gAWVEgAAAAAAAABdlIwLSFRUUF9BQ0NFUFSUYS4=,2021-02-06 10:15:41.000000
:1:views.decorators.cache.cache_page..GET.e74e30983c5f5f8e1ae4e35febc07912.d41d8cd98f00b204e9800998ecf8427e.en-us.Asia/Calcutta,gAWVnQIAAAAAAACMFGRqYW5nby5odHRwLnJlc3BvbnNllIwMSHR0cFJlc3BvbnNllJOUKYGUfZQojAhfaGVhZGVyc5R9lCiMDGNvbnRlbnQtdHlwZZSMDENvbnRlbnQtVHlwZZSMGHRleHQvaHRtbDsgY2hhcnNldD11dGYtOJSGlIwOY29udGVudC1sZW5ndGiUjA5Db250ZW50LUxlbmd0aJSMAzI1N5SGlIwHZXhwaXJlc5SMB0V4cGlyZXOUjB1UdWUsIDAyIEZlYiAyMDIxIDA1OjA0OjUwIEdNVJSGlIwNY2FjaGUtY29udHJvbJSMDUNhY2hlLUNvbnRyb2yUjAltYXgtYWdlPTWUhpR1jBFfcmVzb3VyY2VfY2xvc2Vyc5RdlIwOX2hhbmRsZXJfY2xhc3OUTowHY29va2llc5SMDGh0dHAuY29va2llc5SMDFNpbXBsZUNvb2tpZZSTlCmBlIwGY2xvc2VklImMDl9yZWFzb25fcGhyYXNllE6MCF9jaGFyc2V0lE6MCl9jb250YWluZXKUXZRCAQEAADwhRE9DVFlQRSBodG1sPgo8aHRtbCBsYW5nPSJlbiI+CjxoZWFkPgogICAgPG1ldGEgY2hhcnNldD0iVVRGLTgiPgogICAgPHRpdGxlPlRlc3QgaW1hZ2UgZG93bmxvYWQ8L3RpdGxlPgo8L2hlYWQ+Cjxib2R5PgoKICAgIDxhIGhyZWY9Ii4uL3N0YXRpYy9xd2VydHIucG5nIiBkb3dubG9hZD0icXdlcnRyLmltZyI+CiAgICAgICAgPGltZyBzcmM9Ii4uL3N0YXRpYy9xd2VydHIucG5nIiBhbHQ9ImxvZ28iPgogICAgPC9hPgo8L2JvZHk+CjwvaHRtbD4KlGF1Yi4=,2021-02-02 05:04:50.000000
:1:views.decorators.cache.cache_page..GET.38afab2a358d9468867ee4b0f8415e2d.d41d8cd98f00b204e9800998ecf8427e.en-us.Asia/Calcutta,gAWV4AMAAAAAAACMFGRqYW5nby5odHRwLnJlc3BvbnNllIwMSHR0cFJlc3BvbnNllJOUKYGUfZQojAhfaGVhZGVyc5R9lCiMDGNvbnRlbnQtdHlwZZSMDENvbnRlbnQtVHlwZZSMGHRleHQvaHRtbDsgY2hhcnNldD11dGYtOJSGlIwOY29udGVudC1sZW5ndGiUjA5Db250ZW50LUxlbmd0aJSMAzU4MJSGlIwHZXhwaXJlc5SMB0V4cGlyZXOUjB1UdWUsIDAyIEZlYiAyMDIxIDA1OjIxOjI3IEdNVJSGlIwNY2FjaGUtY29udHJvbJSMDUNhY2hlLUNvbnRyb2yUjAltYXgtYWdlPTWUhpR1jBFfcmVzb3VyY2VfY2xvc2Vyc5RdlIwOX2hhbmRsZXJfY2xhc3OUTowHY29va2llc5SMDGh0dHAuY29va2llc5SMDFNpbXBsZUNvb2tpZZSTlCmBlIwGY2xvc2VklImMDl9yZWFzb25fcGhyYXNllE6MCF9jaGFyc2V0lE6MCl9jb250YWluZXKUXZRCRAIAADwhRE9DVFlQRSBodG1sPgo8aHRtbCBsYW5nPSJlbiI+Cgo8aGVhZD4KICAgIDxtZXRhIGNoYXJzZXQ9IlVURi04Ij4KICAgIDx0aXRsZT5RUl9jb2RlPC90aXRsZT4KPC9oZWFkPgogICAgPGJvZHk+CiAgICAgICAgPGZvcm0gYWxpZ249ImNlbnRlciIgYWN0aW9uID0gIiIgbWV0aG9kID0gIlBPU1QiPgogICAgICAgICAgICA8aW5wdXQgdHlwZT0iaGlkZGVuIiBuYW1lPSJjc3JmbWlkZGxld2FyZXRva2VuIiB2YWx1ZT0iOVZ1N1lWUGtjck5vTWdxUkNKTWFJNEQxVmE0NWQ5Umdwd2pmRTRDTkczZVlFTnhDUE95UWlBWWw3dEpvZmo1ciI+CiAgICAgICAgICAgIDxoMz5VUkwgdG8gQmFyY29kZSBDaGFuZ2VyPC9oMz4KICAgICAgICAgICAgPHA+CiAgICAgICAgICAgICAgICBFbnRlciB5b3VyIFVybCA6IDxpbnB1dCB0eXBlID0gInRleHQiIG5hbWUgPSAidXJsIiAvPgogICAgICAgICAgICA8L3A+CiAgICAgICAgICAgIDxwPgogICAgICAgICAgICAgICAgPGlucHV0IHR5cGUgPSAic3VibWl0IiB2YWx1ZSA9ICJTdWJtaXQiIC8+CiAgICAgICAgICAgIDwvcD4KICAgICAgICA8L2Zvcm0+CiAgICA8L2JvZHk+CjwvaHRtbD6UYXViLg==,2021-02-02 05:21:28.000000
:1:views.decorators.cache.cache_header..9e203e6e8339e7f2554137fab4c0415e.en-us.Asia/Calcutta,gAVdlC4=,2021-02-02 05:21:33.000000
:1:views.decorators.cache.cache_page..GET.9e203e6e8339e7f2554137fab4c0415e.d41d8cd98f00b204e9800998ecf8427e.en-us.Asia/Calcutta,gAWVlAIAAAAAAACMFGRqYW5nby5odHRwLnJlc3BvbnNllIwMSHR0cFJlc3BvbnNllJOUKYGUfZQojAhfaGVhZGVyc5R9lCiMDGNvbnRlbnQtdHlwZZSMDENvbnRlbnQtVHlwZZSMGHRleHQvaHRtbDsgY2hhcnNldD11dGYtOJSGlIwOY29udGVudC1sZW5ndGiUjA5Db250ZW50LUxlbmd0aJSMAzI1MZSGlIwHZXhwaXJlc5SMB0V4cGlyZXOUjB1UdWUsIDAyIEZlYiAyMDIxIDA1OjIxOjMzIEdNVJSGlIwNY2FjaGUtY29udHJvbJSMDUNhY2hlLUNvbnRyb2yUjAltYXgtYWdlPTWUhpR1jBFfcmVzb3VyY2VfY2xvc2Vyc5RdlIwOX2hhbmRsZXJfY2xhc3OUTowHY29va2llc5SMDGh0dHAuY29va2llc5SMDFNpbXBsZUNvb2tpZZSTlCmBlIwGY2xvc2VklImMDl9yZWFzb25fcGhyYXNllE6MCF9jaGFyc2V0lE6MCl9jb250YWluZXKUXZRD+zwhRE9DVFlQRSBodG1sPgo8aHRtbCBsYW5nPSJlbiI+CjxoZWFkPgogICAgPG1ldGEgY2hhcnNldD0iVVRGLTgiPgogICAgPHRpdGxlPlRlc3QgaW1hZ2UgZG93bmxvYWQ8L3RpdGxlPgo8L2hlYWQ+Cjxib2R5PgoKICAgIDxhIGhyZWY9Ii4uL3N0YXRpYy9hYmNkLnBuZyIgZG93bmxvYWQ9ImFiY2QuaW1nIj4KICAgICAgICA8aW1nIHNyYz0iLi4vc3RhdGljL2FiY2QucG5nIiBhbHQ9ImxvZ28iPgogICAgPC9hPgo8L2JvZHk+CjwvaHRtbD4KlGF1Yi4=,2021-02-02 05:21:33.000000
:1:views.decorators.cache.cache_page..GET.27d0f1a3caff3fded3ffb022726d4760.d41d8cd98f00b204e9800998ecf8427e.en-us.Asia/Calcutta,gASV4AMAAAAAAACMFGRqYW5nby5odHRwLnJlc3BvbnNllIwMSHR0cFJlc3BvbnNllJOUKYGUfZQojAhfaGVhZGVyc5R9lCiMDGNvbnRlbnQtdHlwZZSMDENvbnRlbnQtVHlwZZSMGHRleHQvaHRtbDsgY2hhcnNldD11dGYtOJSGlIwOY29udGVudC1sZW5ndGiUjA5Db250ZW50LUxlbmd0aJSMAzU4MJSGlIwHZXhwaXJlc5SMB0V4cGlyZXOUjB1UdWUsIDAyIEZlYiAyMDIxIDAxOjA1OjU5IEdNVJSGlIwNY2FjaGUtY29udHJvbJSMDUNhY2hlLUNvbnRyb2yUjAltYXgtYWdlPTWUhpR1jBFfcmVzb3VyY2VfY2xvc2Vyc5RdlIwOX2hhbmRsZXJfY2xhc3OUTowHY29va2llc5SMDGh0dHAuY29va2llc5SMDFNpbXBsZUNvb2tpZZSTlCmBlIwGY2xvc2VklImMDl9yZWFzb25fcGhyYXNllE6MCF9jaGFyc2V0lE6MCl9jb250YWluZXKUXZRCRAIAADwhRE9DVFlQRSBodG1sPgo8aHRtbCBsYW5nPSJlbiI+Cgo8aGVhZD4KICAgIDxtZXRhIGNoYXJzZXQ9IlVURi04Ij4KICAgIDx0aXRsZT5RUl9jb2RlPC90aXRsZT4KPC9oZWFkPgogICAgPGJvZHk+CiAgICAgICAgPGZvcm0gYWxpZ249ImNlbnRlciIgYWN0aW9uID0gIiIgbWV0aG9kID0gIlBPU1QiPgogICAgICAgICAgICA8aW5wdXQgdHlwZT0iaGlkZGVuIiBuYW1lPSJjc3JmbWlkZGxld2FyZXRva2VuIiB2YWx1ZT0iNDM4SlJOVHJlNGpDbjEyMFcwRk1xMmdSUU1nWEphNkVqSEJwQ3V3VlNKZnA4QTZwR1VSd3I3eVdsSkh3OWhpNyI+CiAgICAgICAgICAgIDxoMz5VUkwgdG8gQmFyY29kZSBDaGFuZ2VyPC9oMz4KICAgICAgICAgICAgPHA+CiAgICAgICAgICAgICAgICBFbnRlciB5b3VyIFVybCA6IDxpbnB1dCB0eXBlID0gInRleHQiIG5hbWUgPSAidXJsIiAvPgogICAgICAgICAgICA8L3A+CiAgICAgICAgICAgIDxwPgogICAgICAgICAgICAgICAgPGlucHV0IHR5cGUgPSAic3VibWl0IiB2YWx1ZSA9ICJTdWJtaXQiIC8+CiAgICAgICAgICAgIDwvcD4KICAgICAgICA8L2Zvcm0+CiAgICA8L2JvZHk+CjwvaHRtbD6UYXViLg==,2021-02-02 01:05:59.000000
:1:views.decorators.cache.cache_page..GET.9d08150367d1a1034f56177665e6a314.d41d8cd98f00b204e9800998ecf8427e.en-us.Asia/Calcutta,gASV4AMAAAAAAACMFGRqYW5nby5odHRwLnJlc3BvbnNllIwMSHR0cFJlc3BvbnNllJOUKYGUfZQojAhfaGVhZGVyc5R9lCiMDGNvbnRlbnQtdHlwZZSMDENvbnRlbnQtVHlwZZSMGHRleHQvaHRtbDsgY2hhcnNldD11dGYtOJSGlIwOY29udGVudC1sZW5ndGiUjA5Db250ZW50LUxlbmd0aJSMAzU4MJSGlIwHZXhwaXJlc5SMB0V4cGlyZXOUjB1UdWUsIDAyIEZlYiAyMDIxIDEyOjU3OjU1IEdNVJSGlIwNY2FjaGUtY29udHJvbJSMDUNhY2hlLUNvbnRyb2yUjAltYXgtYWdlPTWUhpR1jBFfcmVzb3VyY2VfY2xvc2Vyc5RdlIwOX2hhbmRsZXJfY2xhc3OUTowHY29va2llc5SMDGh0dHAuY29va2llc5SMDFNpbXBsZUNvb2tpZZSTlCmBlIwGY2xvc2VklImMDl9yZWFzb25fcGhyYXNllE6MCF9jaGFyc2V0lE6MCl9jb250YWluZXKUXZRCRAIAADwhRE9DVFlQRSBodG1sPgo8aHRtbCBsYW5nPSJlbiI+Cgo8aGVhZD4KICAgIDxtZXRhIGNoYXJzZXQ9IlVURi04Ij4KICAgIDx0aXRsZT5RUl9jb2RlPC90aXRsZT4KPC9oZWFkPgogICAgPGJvZHk+CiAgICAgICAgPGZvcm0gYWxpZ249ImNlbnRlciIgYWN0aW9uID0gIiIgbWV0aG9kID0gIlBPU1QiPgogICAgICAgICAgICA8aW5wdXQgdHlwZT0iaGlkZGVuIiBuYW1lPSJjc3JmbWlkZGxld2FyZXRva2VuIiB2YWx1ZT0ieEFaSGx2c3Z2ZUpKV2VIZFFPV3dQbVhGazhCbUMzZVRVOW5sSWRtamJRMEtkSnU0OWRoY1A5VUJMRjVCdVAyTSI+CiAgICAgICAgICAgIDxoMz5VUkwgdG8gQmFyY29kZSBDaGFuZ2VyPC9oMz4KICAgICAgICAgICAgPHA+CiAgICAgICAgICAgICAgICBFbnRlciB5b3VyIFVybCA6IDxpbnB1dCB0eXBlID0gInRleHQiIG5hbWUgPSAidXJsIiAvPgogICAgICAgICAgICA8L3A+CiAgICAgICAgICAgIDxwPgogICAgICAgICAgICAgICAgPGlucHV0IHR5cGUgPSAic3VibWl0IiB2YWx1ZSA9ICJTdWJtaXQiIC8+CiAgICAgICAgICAgIDwvcD4KICAgICAgICA8L2Zvcm0+CiAgICA8L2JvZHk+CjwvaHRtbD6UYXViLg==,2021-02-02 12:57:55.000000
:1:views.decorators.cache.cache_page..GET.d3311f67fb60ab07876185a791030d2f.d41d8cd98f00b204e9800998ecf8427e.en-us.Asia/Calcutta,gASVnwIAAAAAAACMFGRqYW5nby5odHRwLnJlc3BvbnNllIwMSnNvblJlc3BvbnNllJOUKYGUfZQojAhfaGVhZGVyc5R9lCiMDGNvbnRlbnQtdHlwZZSMDENvbnRlbnQtVHlwZZSMEGFwcGxpY2F0aW9uL2pzb26UhpSMBHZhcnmUjARWYXJ5lIwGQWNjZXB0lIaUjAVhbGxvd5SMBUFsbG93lIwMR0VULCBPUFRJT05TlIaUjA5jb250ZW50LWxlbmd0aJSMDkNvbnRlbnQtTGVuZ3RolIwDMjEylIaUjAdleHBpcmVzlIwHRXhwaXJlc5SMHVRodSwgMDQgRmViIDIwMjEgMDY6NDg6NDIgR01UlIaUjA1jYWNoZS1jb250cm9slIwNQ2FjaGUtQ29udHJvbJSMCW1heC1hZ2U9NZSGlHWMEV9yZXNvdXJjZV9jbG9zZXJzlF2UjA5faGFuZGxlcl9jbGFzc5ROjAdjb29raWVzlIwMaHR0cC5jb29raWVzlIwMU2ltcGxlQ29va2lllJOUKYGUjAZjbG9zZWSUiYwOX3JlYXNvbl9waHJhc2WUTowIX2NoYXJzZXSUTowKX2NvbnRhaW5lcpRdlEPUW3sidHJhbnNhY3Rpb25faWQiOiA2MiwgImNyYXRlX2lkIjogImJ0cnMxMDg2ZjcwNTdlYWIyNzg2OTM3OGU1ZWJjZDIzMGI3ZGJpdXk4OSIsICJsb2NhdGlvbiI6ICJmaGdqb2pvIiwgImRlbGl2ZXJ5U3RhdHVzIjogIkluIFByb2dyZXNzIiwgImRlbGl2ZXJ5QWdlbnQiOiAidG9vciIsICJ0aW1lc3RhbXAiOiAiMjAyMS0wMi0wNFQxMjowMToxNy45NDg5MzcrMDU6MzAifV2UYXViLg==,2021-02-04 06:48:43.000000
:1:views.decorators.cache.cache_page..GET.05e4e6917cf136f39ccb55a3fbca19ec.d41d8cd98f00b204e9800998ecf8427e.en-us.Asia/Calcutta,gASVsgIAAAAAAACMFGRqYW5nby5odHRwLnJlc3BvbnNllIwMSHR0cFJlc3BvbnNllJOUKYGUfZQojAhfaGVhZGVyc5R9lCiMDGNvbnRlbnQtdHlwZZSMDENvbnRlbnQtVHlwZZSMGHRleHQvaHRtbDsgY2hhcnNldD11dGYtOJSGlIwOY29udGVudC1sZW5ndGiUjA5Db250ZW50LUxlbmd0aJSMAzI3OJSGlIwHZXhwaXJlc5SMB0V4cGlyZXOUjB1UdWUsIDAyIEZlYiAyMDIxIDA1OjU3OjIzIEdNVJSGlIwNY2FjaGUtY29udHJvbJSMDUNhY2hlLUNvbnRyb2yUjAltYXgtYWdlPTWUhpR1jBFfcmVzb3VyY2VfY2xvc2Vyc5RdlIwOX2hhbmRsZXJfY2xhc3OUTowHY29va2llc5SMDGh0dHAuY29va2llc5SMDFNpbXBsZUNvb2tpZZSTlCmBlIwGY2xvc2VklImMDl9yZWFzb25fcGhyYXNllE6MCF9jaGFyc2V0lE6MCl9jb250YWluZXKUXZRCFgEAADwhRE9DVFlQRSBodG1sPgo8aHRtbCBsYW5nPSJlbiI+CjxoZWFkPgogICAgPG1ldGEgY2hhcnNldD0iVVRGLTgiPgogICAgPHRpdGxlPlRlc3QgaW1hZ2UgZG93bmxvYWQ8L3RpdGxlPgo8L2hlYWQ+Cjxib2R5PgoKICAgIDxhIGhyZWY9Ii4uL3N0YXRpYy9Nc2t0eSBiYXJjb2RlLnBuZyIgZG93bmxvYWQ9Ik1za3R5IGJhcmNvZGUuaW1nIj4KICAgICAgICA8aW1nIHNyYz0iLi4vc3RhdGljL01za3R5IGJhcmNvZGUucG5nIiBhbHQ9ImxvZ28iPgogICAgPC9hPgo8L2JvZHk+CjwvaHRtbD4KlGF1Yi4=,2021-02-02 05:57:23.000000
:1:views.decorators.cache.cache_page..GET.29e62360c94b0fe680349415317efc9c.65330eb47d0175f264fdb29633829c0b.en-us.Asia/Calcutta,gAWV9wMAAAAAAACMFGRqYW5nby5odHRwLnJlc3BvbnNllIwMSnNvblJlc3BvbnNllJOUKYGUfZQojAhfaGVhZGVyc5R9lCiMDGNvbnRlbnQtdHlwZZSMDENvbnRlbnQtVHlwZZSMEGFwcGxpY2F0aW9uL2pzb26UhpSMBHZhcnmUjARWYXJ5lIwGQWNjZXB0lIaUjAVhbGxvd5SMBUFsbG93lIwMR0VULCBPUFRJT05TlIaUjA5jb250ZW50LWxlbmd0aJSMDkNvbnRlbnQtTGVuZ3RolIwDNTUzlIaUjAdleHBpcmVzlIwHRXhwaXJlc5SMHVNhdCwgMDYgRmViIDIwMjEgMTA6MTU6NDEgR01UlIaUjA1jYWNoZS1jb250cm9slIwNQ2FjaGUtQ29udHJvbJSMCW1heC1hZ2U9NZSGlHWMEV9yZXNvdXJjZV9jbG9zZXJzlF2UjA5faGFuZGxlcl9jbGFzc5ROjAdjb29raWVzlIwMaHR0cC5jb29raWVzlIwMU2ltcGxlQ29va2lllJOUKYGUjAZjbG9zZWSUiYwOX3JlYXNvbl9waHJhc2WUTowIX2NoYXJzZXSUTowKX2NvbnRhaW5lcpRdlEIpAgAAW3sidHJhbnNhY3Rpb25faWQiOiA2MiwgImNyYXRlX2lkIjogImJ0cnMxMDg2ZjcwNTdlYWIyNzg2OTM3OGU1ZWJjZDIzMGI3ZGJpdXk4OSIsICJsb2NhdGlvbiI6ICJmaGdqb2pvIiwgImRlbGl2ZXJ5U3RhdHVzIjogIkluIFByb2dyZXNzIiwgImRlbGl2ZXJ5QWdlbnQiOiAidG9vciIsICJ0aW1lc3RhbXAiOiAiMjAyMS0wMi0wNFQxMjowMToxNy45NDg5MzcrMDU6MzAifSwgeyJ0cmFuc2FjdGlvbl9pZCI6IDYzLCAiY3JhdGVfaWQiOiAiYnRyczE2ZWNhODRhZTk5YWFiNDZhNzRhNmUxYWNlOTgzYzliNWl1eTg5LGJ0cnMxZTZjNDNhZGYzNDNmZDY4ZjU1ZjlkZGJhMjlmNTljNTZpdXk4OSxidHJzMTY4NGMwODdlMzE3NzU4MDI2MWI3MmZkYTViYTE1ZWJmaXV5ODksYnRyczEwODZmNzA1N2VhYjI3ODY5Mzc4ZTVlYmNkMjMwYjdkYml1eTg5IiwgImxvY2F0aW9uIjogImZoZ2pvam8iLCAiZGVsaXZlcnlTdGF0dXMiOiAiSW4gUHJvZ3Jlc3MiLCAiZGVsaXZlcnlBZ2VudCI6ICJ0b29yIiwgInRpbWVzdGFtcCI6ICIyMDIxLTAyLTA0VDEyOjIxOjE2LjMwMjg3MiswNTozMCJ9XZRhdWIu,2021-02-06 10:15:41.000000
:1:views.decorators.cache.cache_page..GET.6a73d3c721de6cbdab303d7f4813762f.d41d8cd98f00b204e9800998ecf8427e.en-us.Asia/Calcutta,gAWVQQMAAAAAAACMFGRqYW5nby5odHRwLnJlc3BvbnNllIwMSHR0cFJlc3BvbnNllJOUKYGUfZQojAhfaGVhZGVyc5R9lCiMDGNvbnRlbnQtdHlwZZSMDENvbnRlbnQtVHlwZZSMGHRleHQvaHRtbDsgY2hhcnNldD11dGYtOJSGlIwOY29udGVudC1sZW5ndGiUjA5Db250ZW50LUxlbmd0aJSMAzQyMZSGlIwHZXhwaXJlc5SMB0V4cGlyZXOUjB1TYXQsIDA2IEZlYiAyMDIxIDEwOjMzOjU2IEdNVJSGlIwNY2FjaGUtY29udHJvbJSMDUNhY2hlLUNvbnRyb2yUjAltYXgtYWdlPTWUhpR1jBFfcmVzb3VyY2VfY2xvc2Vyc5RdlIwOX2hhbmRsZXJfY2xhc3OUTowHY29va2llc5SMDGh0dHAuY29va2llc5SMDFNpbXBsZUNvb2tpZZSTlCmBlIwGY2xvc2VklImMDl9yZWFzb25fcGhyYXNllE6MCF9jaGFyc2V0lE6MCl9jb250YWluZXKUXZRCpQEAADwhRE9DVFlQRSBodG1sPgo8aHRtbCBsYW5nID0gImVuIj4KICAgIDxoZWFkPgogICAgICAgIDxtZXRhIGNoYXJzZXQgPSAiVVRGLTgiPgogICAgICAgIDx0aXRsZT5UZXN0IGltYWdlIGRvd25sb2FkPC90aXRsZT4KICAgIDwvaGVhZD4KICAgIDxib2R5PgogICAgICAgIAogICAgICAgIDxhIGhyZWYgPSAiLi4vc3RhdGljL2J0cnMxMDg2ZjcwNTdlYWIyNzg2OTM3OGU1ZWJjZDIzMGI3ZGJpdXk4OS5wbmciIGRvd25sb2FkID0gImJ0cnMxMDg2ZjcwNTdlYWIyNzg2OTM3OGU1ZWJjZDIzMGI3ZGJpdXk4OS5pbWciPgogICAgICAgICAgICA8aW1nIHNyYyA9ICIuLi9zdGF0aWMvYnRyczEwODZmNzA1N2VhYjI3ODY5Mzc4ZTVlYmNkMjMwYjdkYml1eTg5LnBuZyIgYWx0ID0gImxvZ28iPgogICAgICAgIDwvYT4KICAgIDwvYm9keT4KPC9odG1sPgqUYXViLg==,2021-02-06 10:33:56.000000
:1:views.decorators.cache.cache_page..GET.306862ff142b78816d6d4a31704fd219.d41d8cd98f00b204e9800998ecf8427e.en-us.Asia/Calcutta,gASVxQQAAAAAAACMFGRqYW5nby5odHRwLnJlc3BvbnNllIwMSnNvblJlc3BvbnNllJOUKYGUfZQojAhfaGVhZGVyc5R9lCiMDGNvbnRlbnQtdHlwZZSMDENvbnRlbnQtVHlwZZSMEGFwcGxpY2F0aW9uL2pzb26UhpSMBHZhcnmUjARWYXJ5lIwGQWNjZXB0lIaUjAVhbGxvd5SMBUFsbG93lIwMR0VULCBPUFRJT05TlIaUjA5jb250ZW50LWxlbmd0aJSMDkNvbnRlbnQtTGVuZ3RolIwDNzU5lIaUjAdleHBpcmVzlIwHRXhwaXJlc5SMHVNhdCwgMDYgRmViIDIwMjEgMTg6Mjk6MzcgR01UlIaUjA1jYWNoZS1jb250cm9slIwNQ2FjaGUtQ29udHJvbJSMCW1heC1hZ2U9NZSGlHWMEV9yZXNvdXJjZV9jbG9zZXJzlF2UjA5faGFuZGxlcl9jbGFzc5ROjAdjb29raWVzlIwMaHR0cC5jb29raWVzlIwMU2ltcGxlQ29va2lllJOUKYGUjAZjbG9zZWSUiYwOX3JlYXNvbl9waHJhc2WUTowIX2NoYXJzZXSUTowKX2NvbnRhaW5lcpRdlEL3AgAAW3sidHJhbnNhY3Rpb25faWQiOiA2MywgImNyYXRlX2lkIjogImJ0cnMxNmVjYTg0YWU5OWFhYjQ2YTc0YTZlMWFjZTk4M2M5YjVpdXk4OSxidHJzMWU2YzQzYWRmMzQzZmQ2OGY1NWY5ZGRiYTI5ZjU5YzU2aXV5ODksYnRyczE2ODRjMDg3ZTMxNzc1ODAyNjFiNzJmZGE1YmExNWViZml1eTg5LGJ0cnMxMDg2ZjcwNTdlYWIyNzg2OTM3OGU1ZWJjZDIzMGI3ZGJpdXk4OSIsICJsb2NhdGlvbiI6ICJmaGdqb2pvIiwgImRlbGl2ZXJ5U3RhdHVzIjogIkluIFByb2dyZXNzIiwgImRlbGl2ZXJ5QWdlbnQiOiAidG9vciIsICJ0aW1lc3RhbXAiOiAiMjAyMS0wMi0wNFQxMjoyMToxNi4zMDI4NzIrMDU6MzAifSwgeyJ0cmFuc2FjdGlvbl9pZCI6IDY0LCAiY3JhdGVfaWQiOiAiYnRyczEzMGQ1YjMxM2VkMmYzODUwMzA0YjE3MDNkMjEzZTFhYWl1eTg5IiwgImxvY2F0aW9uIjogImFiY2QiLCAiZGVsaXZlcnlTdGF0dXMiOiAiSW4gUHJvZ3Jlc3MiLCAiZGVsaXZlcnlBZ2VudCI6ICJ4eXoiLCAidGltZXN0YW1wIjogIjIwMjEtMDItMDZUMTU6NDk6MjcuMTkyNTY3KzA1OjMwIn0sIHsidHJhbnNhY3Rpb25faWQiOiA2MiwgImNyYXRlX2lkIjogImJ0cnMxMDg2ZjcwNTdlYWIyNzg2OTM3OGU1ZWJjZDIzMGI3ZGJpdXk4OSIsICJsb2NhdGlvbiI6ICJmaGdqb2pvIiwgImRlbGl2ZXJ5U3RhdHVzIjogIkRlbGl2ZXJlZCIsICJkZWxpdmVyeUFnZW50IjogInRvb3IiLCAidGltZXN0YW1wIjogIjIwMjEtMDItMDZUMTU6NTM6MzAuNzA4MDA3KzA1OjMwIn1dlGF1Yi4=,2021-02-06 18:29:37.000000
